German word (singular)	Plural	English meaning	Word type	Example sentence	Singular example	Singular example English	Plural example	Plural example English	Accusative example	Accusative example English	Present tense	Simple past	Present perfect	App example	App example English
die Großeltern (Pl.)	-	grandparents	Noun	-	-	-	-	-	-	-	-	-	-	Meine Großeltern wohnen auf dem Land.	My grandparents live in the country.
die Eltern (Pl.)	-	parents	Noun	-	-	-	-	-	-	-	-	-	-	Meine Eltern kommen am Sonntag zum Essen.	My parents are coming for dinner on Sunday.
die Geschwister (Pl.)	-	siblings, brothers and sisters	Noun	-	-	-	-	-	-	-	-	-	-	Hast du Geschwister?	Do you have any brothers or sisters?
die Pommes frites (Pl.)	-	chips, French fries	Noun	-	-	-	-	-	-	-	-	-	-	Die Kinder essen gern Pommes frites mit Ketchup.	The children like eating chips with ketchup.
die Ferien (Pl.)	-	holidays, vacation	Noun	-	-	-	-	-	-	-	-	-	-	In den Ferien fahren wir ans Meer.	In the holidays we go to the sea.
die Senioren (Pl.)	-	senior citizens	Noun	-	-	-	-	-	-	-	-	-	-	Im Park treffen sich jeden Morgen viele Senioren.	Many senior citizens meet in the park every morning.
das Haar	die Haare	hair	Noun	-	Das Haar ist lang.	The hair is long.	Die Haare sind nass.	The hair is wet.	Ich finde das Haar schön.	I think the hair is beautiful.	-	-	-	Sie kämmt jeden Morgen ihr Haar.	She combs her hair every morning.
die Leute (Pl.)	-	people	Noun	-	-	-	-	-	-	-	-	-	-	Auf dem Markt sind heute viele Leute.	There are a lot of people at the market today.
der Baum	die Bäume	tree	Noun	-	Der Baum ist alt.	The tree is old.	Die Bäume sind grün.	The trees are green.	Ich finde den Baum schön.	I think the tree is beautiful.	-	-	-	Vor unserem Haus steht ein großer Baum.	There is a big tree in front of our house.
die Kleider (Pl.)	-	clothes	Noun	-	-	-	-	-	-	-	-	-	-	Ihre Kleider liegen auf dem Bett.	Her clothes are lying on the bed.
besser	-	better	Adj/Adv	-	-	-	-	-	-	-	-	-	-	Heute geht es mir schon besser.	I'm already feeling better today.
die Sachen (Pl.)	-	things, stuff	Noun	-	-	-	-	-	-	-	-	-	-	Pack deine Sachen, wir fahren gleich los.	Pack your things, we're leaving soon.
die Papiere (Pl.)	-	papers, documents	Noun	-	-	-	-	-	-	-	-	-	-	Der Polizist möchte unsere Papiere sehen.	The police officer wants to see our papers.
bauen	-	to build	Verb	-	-	-	-	-	-	-	baue · baust · baut · bauen · baut · bauen	baute · bautest · baute · bauten · bautet · bauten	habe gebaut · hast gebaut · hat gebaut · haben gebaut · habt gebaut · haben gebaut	Wir bauen im Garten ein Baumhaus.	We are building a tree house in the garden.
genug	-	enough	Adverb	-	-	-	-	-	-	-	-	-	-	Haben wir genug Brot für morgen?	Do we have enough bread for tomorrow?
der Tanz	die Tänze	dance	Noun	-	Der Tanz ist schön.	The dance is beautiful.	Die Tänze sind schnell.	The dances are fast.	Ich finde den Tanz toll.	I think the dance is great.	-	-	-	Der letzte Tanz gehört dir.	The last dance is yours.
der Basketball (Sg.)	-	basketball	Noun	-	Der Basketball macht Spaß.	Basketball is fun.	-	-	Ich mag den Basketball.	I like basketball.	-	-	-	Nach der Schule spielen wir oft Basketball.	After school we often play basketball.
statt·finden	-	to take place	Verb	-	-	-	-	-	-	-	finde statt · findest statt · findet statt · finden statt · findet statt · finden statt	fand statt · fandst statt · fand statt · fanden statt · fandet statt · fanden statt	habe stattgefunden · hast stattgefunden · hat stattgefunden · haben stattgefunden · habt stattgefunden · haben stattgefunden	Das Konzert soll im Park stattfinden.	The concert is supposed to take place in the park.
die Nachrichten (Pl.)	-	news	Noun	-	-	-	-	-	-	-	-	-	-	Wir sehen jeden Abend die Nachrichten.	We watch the news every evening.
das Boot	die Boote	boat	Noun	-	Das Boot ist klein.	The boat is small.	Die Boote sind im Hafen.	The boats are in the harbour.	Ich finde das Boot schön.	I think the boat is beautiful.	-	-	-	Am Wochenende fahren wir mit dem Boot auf den See.	At the weekend we go out on the lake by boat.
die Ostsee (Sg.)	-	Baltic Sea	Noun	-	Die Ostsee ist kalt.	The Baltic Sea is cold.	-	-	Ich liebe die Ostsee.	I love the Baltic Sea.	-	-	-	Im Sommer fahren viele Familien an die Ostsee.	In summer many families go to the Baltic Sea.
begeistert	-	enthusiastic, thrilled	Adjective	-	-	-	-	-	-	-	-	-	-	Die Kinder sind von dem Film begeistert.	The children are thrilled with the film.
Luxemburg	-	Luxembourg	Proper noun	-	-	-	-	-	-	-	-	-	-	Luxemburg ist ein kleines Land in Europa.	Luxembourg is a small country in Europe.
baden	-	to bathe, to swim	Verb	-	-	-	-	-	-	-	bade · badest · badet · baden · badet · baden	badete · badetest · badete · badeten · badetet · badeten	habe gebadet · hast gebadet · hat gebadet · haben gebadet · habt gebadet · haben gebadet	Im Sommer baden wir gern im See.	In summer we like swimming in the lake.
der Sand (Sg.)	-	sand	Noun	-	Der Sand ist weich.	The sand is soft.	-	-	Ich mag den Sand.	I like the sand.	-	-	-	Der Sand am Strand ist ganz heiß.	The sand on the beach is really hot.
die Zinsen (Pl.)	-	interest (on money)	Noun	-	-	-	-	-	-	-	-	-	-	Die Bank zahlt kaum noch Zinsen.	The bank hardly pays any interest any more.
die Kosten (Pl.)	-	costs	Noun	-	-	-	-	-	-	-	-	-	-	Die Kosten für die Reise sind sehr hoch.	The costs of the trip are very high.
die Medien (Pl.)	-	media	Noun	-	-	-	-	-	-	-	-	-	-	Die Medien berichten viel über die Wahl.	The media are reporting a lot about the election.
die Aussprache	die Aussprachen	pronunciation	Noun	-	Die Aussprache ist wichtig.	Pronunciation is important.	Die Aussprachen sind verschieden.	The pronunciations are different.	Ich finde die Aussprache schwer.	I find the pronunciation difficult.	-	-	-	Ihre Aussprache ist schon sehr gut.	Your pronunciation is already very good.
sein-	-	his, its	ein-word	-	-	-	-	-	-	-	-	-	-	Sein Fahrrad steht vor der Tür.	His bike is in front of the door.
ihr-	-	her, their	ein-word	-	-	-	-	-	-	-	-	-	-	Die Kinder suchen ihren Ball.	The children are looking for their ball.
der Platz	die Plätze	square (in a town)	Noun	-	Der Platz ist groß.	The square is big.	Die Plätze sind voll.	The squares are full.	Ich finde den Platz schön.	I think the square is beautiful.	-	-	-	Am Samstag ist auf dem Platz ein Markt.	On Saturday there is a market on the square.
stehen	-	to suit, to look good on	Verb	-	-	-	-	-	-	-	stehe · stehst · steht · stehen · steht · stehen	stand · standst · stand · standen · standet · standen	habe gestanden · hast gestanden · hat gestanden · haben gestanden · habt gestanden · haben gestanden	Die rote Jacke steht dir gut.	The red jacket suits you.
das Viertel	die Viertel	district, neighbourhood	Noun	-	Das Viertel ist ruhig.	The district is quiet.	Die Viertel sind alt.	The districts are old.	Ich mag das Viertel.	I like the neighbourhood.	-	-	-	In unserem Viertel gibt es viele kleine Cafés.	There are lots of little cafés in our neighbourhood.
das Land (Sg.)	-	countryside (auf dem Land = in the country)	Noun	-	Das Land ist schön.	The countryside is beautiful.	-	-	Ich liebe das Land.	I love the countryside.	-	-	-	Meine Tante lebt auf dem Land.	My aunt lives in the country.
deutsch	-	German (adjective)	Adjective	-	-	-	-	-	-	-	-	-	-	Wir kochen heute ein deutsches Gericht.	Today we are cooking a German dish.
gegen	-	around, about (a time)	Preposition	-	-	-	-	-	-	-	-	-	-	Wir kommen gegen acht Uhr.	We'll come at around eight o'clock.
als	-	than (in comparisons)	Conjunction	-	-	-	-	-	-	-	-	-	-	Der Zug ist schneller als der Bus.	The train is faster than the bus.
das Schloss	die Schlösser	castle, palace	Noun	-	Das Schloss ist alt.	The castle is old.	Die Schlösser sind berühmt.	The castles are famous.	Ich besuche das Schloss.	I'm visiting the castle.	-	-	-	Am Sonntag besichtigen wir das Schloss.	On Sunday we are visiting the castle.
das Gericht	die Gerichte	court (of law)	Noun	-	Das Gericht ist streng.	The court is strict.	Die Gerichte sind überlastet.	The courts are overloaded.	Ich kenne das Gericht.	I know the court.	-	-	-	Der Streit mit dem Nachbarn endet vor Gericht.	The argument with the neighbour ends up in court.
wählen	-	to vote, to elect	Verb	-	-	-	-	-	-	-	wähle · wählst · wählt · wählen · wählt · wählen	wählte · wähltest · wählte · wählten · wähltet · wählten	habe gewählt · hast gewählt · hat gewählt · haben gewählt · habt gewählt · haben gewählt	Im Herbst wählen wir ein neues Parlament.	In autumn we are electing a new parliament.
