volume	lesson	word
A1.1	Intro	ansehen
A1.1	Intro	das Bild
A1.1	Intro	hören
A1.1	Intro	noch einmal
A1.1	Intro	ankreuzen
A1.1	Intro	zuordnen
A1.1	Intro	ergänzen
A1.1	Intro	machen
A1.1	Intro	der Kurs
A1.1	Intro	sprechen
A1.1	Intro	lesen
A1.1	Intro	das Gespräch
A1.1	Intro	spielen
A1.1	Intro	suchen
A1.1	Intro	zeigen
A1.1	Intro	fragen
A1.1	Intro	markieren
A1.1	Intro	die Frage
A1.1	Intro	nachsprechen
A1.1	Intro	raten
A1.1	Intro	das Wort
A1.1	Intro	die Lektion
A1.1	Intro	meinen
A1.1	Intro	sagen
A1.1	Intro	notieren
A1.1	Intro	vergleichen
A1.1	Intro	schreiben
A1.1	Intro	variieren
A1.1	Intro	erzählen
A1.1	Intro	arbeiten
A1.1	Intro	zeichnen
A1.1	Intro	verbinden
A1.1	Intro	die Antwort
A1.1	Intro	antworten
A1.1	Lesson 1	was
A1.1	Lesson 1	sprechen
A1.1	Lesson 1	das Foto
A1.1	Lesson 1	Guten Tag
A1.1	Lesson 1	Auf Wiedersehen
A1.1	Lesson 1	hallo
A1.1	Lesson 1	tschüs
A1.1	Lesson 1	Guten Abend
A1.1	Lesson 1	die Dame
A1.1	Lesson 1	willkommen
A1.1	Lesson 1	bei
A1.1	Lesson 1	die Musik
A1.1	Lesson 1	international
A1.1	Lesson 1	Guten Morgen
A1.1	Lesson 1	die Frau
A1.1	Lesson 1	danke
A1.1	Lesson 1	Gute Nacht
A1.1	Lesson 1	der Herr
A1.1	Lesson 1	ich
A1.1	Lesson 1	heißen
A1.1	Lesson 1	sein
A1.1	Lesson 1	der Name
A1.1	Lesson 1	die Entschuldigung
A1.1	Lesson 1	wie
A1.1	Lesson 1	Sie
A1.1	Lesson 1	er
A1.1	Lesson 1	wer
A1.1	Lesson 1	ja
A1.1	Lesson 1	nein
A1.1	Lesson 1	wissen
A1.1	Lesson 1	du
A1.1	Lesson 1	woher
A1.1	Lesson 1	kommen
A1.1	Lesson 1	aus
A1.1	Lesson 1	die Firma
A1.1	Lesson 1	von
A1.1	Lesson 1	die Schweiz
A1.1	Lesson 1	aha
A1.1	Lesson 1	und
A1.1	Lesson 1	nur
A1.1	Lesson 1	ein bisschen
A1.1	Lesson 1	die Sprache
A1.1	Lesson 1	das Alphabet
A1.1	Lesson 1	Wie bitte?
A1.1	Lesson 1	buchstabieren
A1.1	Lesson 1	der Buchstabe
A1.1	Lesson 1	bitte
A1.1	Lesson 1	da sein
A1.1	Lesson 1	der Moment
A1.1	Lesson 1	leid tun
A1.1	Lesson 1	nicht
A1.1	Lesson 1	Vielen Dank
A1.1	Lesson 1	Auf Wiederhören
A1.1	Lesson 1	die Adresse
A1.1	Lesson 1	die Visitenkarte
A1.1	Lesson 1	der Sport
A1.1	Lesson 1	der Vorname
A1.1	Lesson 1	der Familienname
A1.1	Lesson 1	die Straße
A1.1	Lesson 1	die Stadt
A1.1	Lesson 1	das Land
A1.1	Lesson 1	das Telefon
A1.1	Lesson 1	das Fax
A1.1	Lesson 1	die E-Mail
A1.1	Lesson 1	das Formular
A1.1	Lesson 1	die Postleitzahl
A1.1	Lesson 1	Türkisch
A1.1	Lesson 1	Polnisch
A1.1	Lesson 1	Polen
A1.1	Lesson 1	Russisch
A1.1	Lesson 1	die Türkei
A1.1	Lesson 1	Russland
A1.1	Lesson 1	Spanisch
A1.1	Lesson 1	Englisch
A1.1	Lesson 1	Spanien
A1.1	Lesson 1	Großbritannien
A1.1	Lesson 1	Chinesisch
A1.1	Lesson 1	Französisch
A1.1	Lesson 1	China
A1.1	Lesson 1	Frankreich
A1.1	Lesson 1	Deutsch
A1.1	Lesson 1	Italien
A1.1	Lesson 1	das Italienisch
A1.1	Lesson 1	Deutschland
A1.1	Lesson 1	Österreich
A1.1	Lesson 1	Griechenland
A1.1	Lesson 1	das Griechisch
A1.1	Lesson 2	der Lehrer
A1.1	Lesson 2	die Lehrerin
A1.1	Lesson 2	lernen
A1.1	Lesson 2	auch
A1.1	Lesson 2	haben
A1.1	Lesson 2	die Pause
A1.1	Lesson 2	der Park
A1.1	Lesson 2	die Familie
A1.1	Lesson 2	der Vater
A1.1	Lesson 2	die Großeltern (Pl.)
A1.1	Lesson 2	die Mutter
A1.1	Lesson 2	die Eltern (Pl.)
A1.1	Lesson 2	der Bruder
A1.1	Lesson 2	die Geschwister (Pl.)
A1.1	Lesson 2	das Jahr
A1.1	Lesson 2	leben
A1.1	Lesson 2	in
A1.1	Lesson 2	super
A1.1	Lesson 2	sehr
A1.1	Lesson 2	gut
A1.1	Lesson 2	na ja
A1.1	Lesson 2	ach
A1.1	Lesson 2	so
A1.1	Lesson 2	der Enkel
A1.1	Lesson 2	die Enkelin
A1.1	Lesson 2	die Tochter
A1.1	Lesson 2	der Sohn
A1.1	Lesson 2	das Kind
A1.1	Lesson 2	die Schwester
A1.1	Lesson 2	die Oma
A1.1	Lesson 2	die Großmutter
A1.1	Lesson 2	der Mann
A1.1	Lesson 2	der Opa
A1.1	Lesson 2	der Großvater
A1.1	Lesson 2	dein-
A1.1	Lesson 2	mein-
A1.1	Lesson 2	Ihr-
A1.1	Lesson 2	ihr
A1.1	Lesson 2	der Ehemann
A1.1	Lesson 2	die Ehefrau
A1.1	Lesson 2	falsch
A1.1	Lesson 2	genau
A1.1	Lesson 2	die Liste
A1.1	Lesson 2	sie (Singular)
A1.1	Lesson 2	zusammen
A1.1	Lesson 2	sie (Plural)
A1.1	Lesson 2	geschieden
A1.1	Lesson 2	wohnen
A1.1	Lesson 2	jetzt
A1.1	Lesson 2	wir
A1.1	Lesson 2	die Zahl
A1.1	Lesson 2	die Null
A1.1	Lesson 2	wo
A1.1	Lesson 2	geboren
A1.1	Lesson 2	liegen
A1.1	Lesson 2	die Nummer
A1.1	Lesson 2	verheiratet
A1.1	Lesson 2	alt
A1.1	Lesson 2	der Geburtsort
A1.1	Lesson 2	der Wohnort
A1.1	Lesson 2	der Familienstand
A1.1	Lesson 2	ledig
A1.1	Lesson 2	verwitwet
A1.1	Lesson 2	das Alter
A1.1	Lesson 2	die Hauptstadt
A1.1	Lesson 2	kennen
A1.1	Lesson 2	also
A1.1	Lesson 2	hier
A1.1	Lesson 2	aber
A1.1	Lesson 2	die Polizei
A1.1	Lesson 2	schon
A1.1	Lesson 2	lange
A1.1	Lesson 2	der Arzt
A1.1	Lesson 2	der Partner
A1.1	Lesson 2	die Partnerin
A1.1	Lesson 2	zurzeit
A1.1	Lesson 3	die Banane
A1.1	Lesson 3	die Butter
A1.1	Lesson 3	das Ei
A1.1	Lesson 3	das Mehl
A1.1	Lesson 3	die Milch
A1.1	Lesson 3	der Zucker
A1.1	Lesson 3	der Pfannkuchen
A1.1	Lesson 3	die Schokolade
A1.1	Lesson 3	brauchen
A1.1	Lesson 3	kaufen
A1.1	Lesson 3	der Hunger
A1.1	Lesson 3	der Euro
A1.1	Lesson 3	dann
A1.1	Lesson 3	helfen
A1.1	Lesson 3	die Welt
A1.1	Lesson 3	kein-
A1.1	Lesson 3	ein-
A1.1	Lesson 3	der Apfel
A1.1	Lesson 3	die Orange
A1.1	Lesson 3	der Kuchen
A1.1	Lesson 3	der Kaffee
A1.1	Lesson 3	der Saft
A1.1	Lesson 3	das Brötchen
A1.1	Lesson 3	das Würstchen
A1.1	Lesson 3	die Birne
A1.1	Lesson 3	die Tomate
A1.1	Lesson 3	das Brot
A1.1	Lesson 3	die Kartoffel
A1.1	Lesson 3	die Zwiebel
A1.1	Lesson 3	der Fisch
A1.1	Lesson 3	das Regal
A1.1	Lesson 3	der Käse
A1.1	Lesson 3	das Salz
A1.1	Lesson 3	der Tee
A1.1	Lesson 3	das Obst
A1.1	Lesson 3	das Gemüse
A1.1	Lesson 3	das Mineralwasser
A1.1	Lesson 3	das Wasser
A1.1	Lesson 3	das Fleisch
A1.1	Lesson 3	der Reis
A1.1	Lesson 3	der Wein
A1.1	Lesson 3	das Bier
A1.1	Lesson 3	der Preis
A1.1	Lesson 3	der Cent
A1.1	Lesson 3	der Prospekt
A1.1	Lesson 3	das Sonderangebot
A1.1	Lesson 3	das Wurstbrötchen
A1.1	Lesson 3	der Apfelkuchen
A1.1	Lesson 3	das Lebensmittel
A1.1	Lesson 3	die Abteilung
A1.1	Lesson 3	die Wurst
A1.1	Lesson 3	das Hackfleisch
A1.1	Lesson 3	das Öl
A1.1	Lesson 3	wie viel
A1.1	Lesson 3	kosten
A1.1	Lesson 3	das Kilo(gramm) (kg)
A1.1	Lesson 3	das Gramm (g)
A1.1	Lesson 3	das Pfund
A1.1	Lesson 3	der Liter (l)
A1.1	Lesson 3	die Flasche
A1.1	Lesson 3	die Dose
A1.1	Lesson 3	die Sahne
A1.1	Lesson 3	das Restaurant
A1.1	Lesson 3	die Mensa
A1.1	Lesson 3	essen
A1.1	Lesson 3	das Steak
A1.1	Lesson 3	der Salat
A1.1	Lesson 3	die Soße
A1.1	Lesson 3	das Hähnchen
A1.1	Lesson 3	die Pommes frites (Pl.)
A1.1	Lesson 3	die Pizza
A1.1	Lesson 3	das / die Cola
A1.1	Lesson 3	der Durst
A1.1	Lesson 3	kochen
A1.1	Lesson 3	für
A1.1	Lesson 3	Lieblings-
A1.1	Lesson 3	das Essen
A1.1	Lesson 3	das Rezept
A1.1	Lesson 3	typisch
A1.1	Lesson 3	ganz
A1.1	Lesson 3	einfach
A1.1	Lesson 3	die Portion
A1.1	Lesson 3	groß-
A1.1	Lesson 3	schmecken
A1.1	Lesson 3	trinken
A1.1	Lesson 3	das Glas
A1.1	Lesson 3	studieren
A1.1	Lesson 3	die Suppe
A1.1	Lesson 3	zum Beispiel (z. B.)
A1.1	Lesson 3	der Pfeffer
A1.1	Lesson 3	reichen
A1.1	Lesson 3	der Tag
A1.1	Lesson 3	teuer
A1.1	Lesson 3	gern(e)
A1.1	Lesson 3	das Getränk
A1.1	Lesson 3	der / das Joghurt
A1.1	Lesson 3	das Eis
A1.1	Lesson 4	die Wohnung
A1.1	Lesson 4	die Lampe
A1.1	Lesson 4	das Zimmer
A1.1	Lesson 4	die Küche
A1.1	Lesson 4	das Bad
A1.1	Lesson 4	neu
A1.1	Lesson 4	klein
A1.1	Lesson 4	hell
A1.1	Lesson 4	hell- (+ Farbe)
A1.1	Lesson 4	dunkel
A1.1	Lesson 4	dunkel- (+ Farbe)
A1.1	Lesson 4	billig
A1.1	Lesson 4	schön
A1.1	Lesson 4	hässlich
A1.1	Lesson 4	der Flur
A1.1	Lesson 4	die Toilette
A1.1	Lesson 4	der Balkon
A1.1	Lesson 4	das Wohnzimmer
A1.1	Lesson 4	der
A1.1	Lesson 4	das
A1.1	Lesson 4	die
A1.1	Lesson 4	das Haus
A1.1	Lesson 4	dort
A1.1	Lesson 4	der Monat
A1.1	Lesson 4	das Beispiel
A1.1	Lesson 4	schmal
A1.1	Lesson 4	richtig
A1.1	Lesson 4	breit
A1.1	Lesson 4	der Schrank
A1.1	Lesson 4	der Kühlschrank
A1.1	Lesson 4	das Sofa
A1.1	Lesson 4	der Tisch
A1.1	Lesson 4	der Stuhl
A1.1	Lesson 4	das Bett
A1.1	Lesson 4	der Fernseher
A1.1	Lesson 4	die Dusche
A1.1	Lesson 4	der Herd
A1.1	Lesson 4	die Badewanne
A1.1	Lesson 4	der Teppich
A1.1	Lesson 4	der Sessel
A1.1	Lesson 4	das Möbel
A1.1	Lesson 4	Elektro-
A1.1	Lesson 4	das Gerät
A1.1	Lesson 4	gefallen
A1.1	Lesson 4	die Farbe
A1.1	Lesson 4	finden
A1.1	Lesson 4	modern
A1.1	Lesson 4	schwarz
A1.1	Lesson 4	grau
A1.1	Lesson 4	weiß
A1.1	Lesson 4	grün
A1.1	Lesson 4	braun
A1.1	Lesson 4	blau
A1.1	Lesson 4	rot
A1.1	Lesson 4	gelb
A1.1	Lesson 4	der Zentimeter (cm)
A1.1	Lesson 4	mal
A1.1	Lesson 4	das Handy
A1.1	Lesson 4	die Arbeit
A1.1	Lesson 4	die Anzeige
A1.1	Lesson 4	nett
A1.1	Lesson 4	das Ehepaar
A1.1	Lesson 4	suchen
A1.1	Lesson 4	der Garten
A1.1	Lesson 4	vermieten
A1.1	Lesson 4	das Apartment
A1.1	Lesson 4	der Raum
A1.1	Lesson 4	der Stock
A1.1	Lesson 4	circa (ca.)
A1.1	Lesson 4	privat
A1.1	Lesson 4	ab
A1.1	Lesson 4	sofort
A1.1	Lesson 4	maximal (max.)
A1.1	Lesson 4	der Anruf
A1.1	Lesson 4	möbliert
A1.1	Lesson 4	das TV
A1.1	Lesson 4	die Garage
A1.1	Lesson 4	der Quadratmeter (m² / qm)
A1.1	Lesson 4	die Miete
A1.1	Lesson 4	bezahlen
A1.1	Lesson 4	das Buch
A1.1	Lesson 4	der Stift
A1.1	Lesson 4	welch-
A1.1	Lesson 4	der Schreibtisch
A1.1	Lesson 4	das Holz
A1.1	Lesson 4	ungefähr
A1.1	Lesson 4	der Meter (m)
A1.1	Lesson 4	lang
A1.1	Lesson 4	hoch
A1.1	Lesson 4	der Platz
A1.1	Lesson 4	der Computer
A1.1	Lesson 4	das Heft
A1.1	Lesson 4	ziemlich
A1.1	Lesson 4	egal
A1.1	Lesson 4	lieben
A1.1	Lesson 4	immer
A1.1	Lesson 4	die Hausaufgabe
A1.1	Lesson 4	glauben
A1.1	Lesson 4	besonder-
A1.1	Lesson 4	besonders
A1.1	Lesson 4	dunkelblau
A1.1	Lesson 4	hellblau
A1.1	Lesson 4	braunrot
A1.1	Lesson 4	die Haselnuss
A1.1	Lesson 4	violett
A1.1	Lesson 4	rosa
A1.1	Lesson 4	dunkelgrün
A1.1	Lesson 4	hellgrün
A1.1	Lesson 4	türkis
A1.1	Lesson 4	beige
A1.1	Lesson 4	das Silber
A1.1	Lesson 4	das Gold
A1.1	Lesson 4	laut
A1.1	Lesson 4	leise
A1.1	Lesson 4	leer
A1.1	Lesson 4	dreckig
A1.1	Lesson 4	der Drucker
A1.1	Lesson 5	bis
A1.1	Lesson 5	machen
A1.1	Lesson 5	die Präsentation
A1.1	Lesson 5	frühstücken
A1.1	Lesson 5	einkaufen
A1.1	Lesson 5	spazieren gehen
A1.1	Lesson 5	aufräumen
A1.1	Lesson 5	aufstehen
A1.1	Lesson 5	gehen
A1.1	Lesson 5	oder
A1.1	Lesson 5	arbeiten
A1.1	Lesson 5	müde
A1.1	Lesson 5	anrufen
A1.1	Lesson 5	früh
A1.1	Lesson 5	der Supermarkt
A1.1	Lesson 5	fernsehen
A1.1	Lesson 5	mit
A1.1	Lesson 5	spielen
A1.1	Lesson 5	spät
A1.1	Lesson 5	schon
A1.1	Lesson 5	erst
A1.1	Lesson 5	das Viertel
A1.1	Lesson 5	vor
A1.1	Lesson 5	nach
A1.1	Lesson 5	halb
A1.1	Lesson 5	die Uhr
A1.1	Lesson 5	zeichnen
A1.1	Lesson 5	kurz
A1.1	Lesson 5	gleich
A1.1	Lesson 5	der Intensivkurs
A1.1	Lesson 5	wann
A1.1	Lesson 5	am
A1.1	Lesson 5	um
A1.1	Lesson 5	von … bis …
A1.1	Lesson 5	die Party
A1.1	Lesson 5	die Zeit
A1.1	Lesson 5	der Fußball
A1.1	Lesson 5	anfangen
A1.1	Lesson 5	passen
A1.1	Lesson 5	der Montag
A1.1	Lesson 5	der Dienstag
A1.1	Lesson 5	der Mittwoch
A1.1	Lesson 5	der Donnerstag
A1.1	Lesson 5	der Freitag
A1.1	Lesson 5	der Samstag
A1.1	Lesson 5	der Sonnabend
A1.1	Lesson 5	der Sonntag
A1.1	Lesson 5	das Wochenende
A1.1	Lesson 5	die Mama
A1.1	Lesson 5	schlafen
A1.1	Lesson 5	der Termin
A1.1	Lesson 5	der Terminkalender
A1.1	Lesson 5	nächst-
A1.1	Lesson 5	die Woche
A1.1	Lesson 5	der Morgen
A1.1	Lesson 5	der Vormittag
A1.1	Lesson 5	der Mittag
A1.1	Lesson 5	der Nachmittag
A1.1	Lesson 5	der Abend
A1.1	Lesson 5	die Nacht
A1.1	Lesson 5	das Kino
A1.1	Lesson 5	chatten
A1.1	Lesson 5	hören
A1.1	Lesson 5	raten
A1.1	Lesson 5	jeder
A1.1	Lesson 5	jedes
A1.1	Lesson 5	jede
A1.1	Lesson 5	das Café
A1.1	Lesson 5	täglich
A1.1	Lesson 5	das Fahrrad
A1.1	Lesson 5	die Bibliothek
A1.1	Lesson 5	der Feiertag
A1.1	Lesson 5	geschlossen
A1.1	Lesson 5	die Ansage
A1.1	Lesson 5	offiziell
A1.1	Lesson 5	der Film
A1.1	Lesson 5	sehen
A1.1	Lesson 5	das Museum
A1.1	Lesson 5	geöffnet
A1.1	Lesson 5	das Schiff
A1.1	Lesson 5	die Tour
A1.1	Lesson 5	das Kaufhaus
A1.1	Lesson 5	der Moment
A1.1	Lesson 5	Europa
A1.1	Lesson 5	kennenlernen (sich)
A1.1	Lesson 5	die Abfahrt
A1.1	Lesson 5	der Erwachsene
A1.1	Lesson 5	der Plan
A1.1	Lesson 5	der Januar
A1.1	Lesson 5	der Februar
A1.1	Lesson 5	der März
A1.1	Lesson 5	der April
A1.1	Lesson 5	der Mai
A1.1	Lesson 5	der Juni
A1.1	Lesson 5	der Juli
A1.1	Lesson 5	der August
A1.1	Lesson 5	der September
A1.1	Lesson 5	der Oktober
A1.1	Lesson 5	der November
A1.1	Lesson 5	der Dezember
A1.1	Lesson 5	offen
A1.1	Lesson 6	der Ausflug
A1.1	Lesson 6	das Auto
A1.1	Lesson 6	wandern
A1.1	Lesson 6	das Picknick
A1.1	Lesson 6	die Gitarre
A1.1	Lesson 6	telefonieren
A1.1	Lesson 6	fotografieren
A1.1	Lesson 6	die Sonne
A1.1	Lesson 6	scheinen
A1.1	Lesson 6	regnen
A1.1	Lesson 6	viel-
A1.1	Lesson 6	die Wolke
A1.1	Lesson 6	das Wetter
A1.1	Lesson 6	los (losgehen)
A1.1	Lesson 6	vergessen
A1.1	Lesson 6	bringen
A1.1	Lesson 6	der Grad
A1.1	Lesson 6	warm
A1.1	Lesson 6	windig
A1.1	Lesson 6	kalt
A1.1	Lesson 6	schneien
A1.1	Lesson 6	bewölkt
A1.1	Lesson 6	der Norden
A1.1	Lesson 6	der Osten
A1.1	Lesson 6	der Süden
A1.1	Lesson 6	der Westen
A1.1	Lesson 6	schlecht
A1.1	Lesson 6	der Wetterbericht
A1.1	Lesson 6	das Radio
A1.1	Lesson 6	das Internet
A1.1	Lesson 6	sonnig
A1.1	Lesson 6	morgen
A1.1	Lesson 6	steigen
A1.1	Lesson 6	überall
A1.1	Lesson 6	die Temperatur
A1.1	Lesson 6	der Regen
A1.1	Lesson 6	der Schnee
A1.1	Lesson 6	heute
A1.1	Lesson 6	bleiben
A1.1	Lesson 6	minus
A1.1	Lesson 6	die Speisekarte
A1.1	Lesson 6	die Speise
A1.1	Lesson 6	der / das Ketchup
A1.1	Lesson 6	der Hamburger
A1.1	Lesson 6	der Schinken
A1.1	Lesson 6	das Dessert
A1.1	Lesson 6	nehmen
A1.1	Lesson 6	doch
A1.1	Lesson 6	der Papa
A1.1	Lesson 6	möchten
A1.1	Lesson 6	lieber
A1.1	Lesson 6	der Freund
A1.1	Lesson 6	die Freundin
A1.1	Lesson 6	vielleicht
A1.1	Lesson 6	die Idee
A1.1	Lesson 6	das Problem
A1.1	Lesson 6	der Hund
A1.1	Lesson 6	die Freizeit
A1.1	Lesson 6	das Hobby
A1.1	Lesson 6	wichtig
A1.1	Lesson 6	der Berg
A1.1	Lesson 6	der Ski
A1.1	Lesson 6	fahren
A1.1	Lesson 6	joggen
A1.1	Lesson 6	schwimmen
A1.1	Lesson 6	tanzen
A1.1	Lesson 6	lesen
A1.1	Lesson 6	der Spaß
A1.1	Lesson 6	treffen
A1.1	Lesson 6	grillen
A1.1	Lesson 6	der Klub
A1.1	Lesson 6	surfen (im Internet)
A1.1	Lesson 6	der Krimi
A1.1	Lesson 6	toll
A1.1	Lesson 6	interessant
A1.1	Lesson 6	der Herbst
A1.1	Lesson 6	der Winter
A1.1	Lesson 6	der Sommer
A1.1	Lesson 6	der Frühling
A1.1	Lesson 6	das Frühjahr
A1.1	Lesson 6	die Reise
A1.1	Lesson 6	der Urlaub
A1.1	Lesson 6	wunderbar
A1.1	Lesson 6	die Natur
A1.1	Lesson 6	Nord-
A1.1	Lesson 6	Ost-
A1.1	Lesson 6	Süd-
A1.1	Lesson 6	West-
A1.1	Lesson 6	(wind)surfen
A1.1	Lesson 6	das Programm
A1.1	Lesson 6	heiß
A1.1	Lesson 6	die Mitte
A1.1	Lesson 6	die Möglichkeit
A1.1	Lesson 6	das Angebot
A1.1	Lesson 6	das Mountainbike
A1.1	Lesson 6	klettern
A1.1	Lesson 7	der Wind
A1.1	Lesson 7	die Insel
A1.1	Lesson 7	Es ist sonnig.
A1.1	Lesson 7	Es regnet.
A1.1	Lesson 7	Es ist bewölkt.
A1.1	Lesson 7	Es schneit.
A1.1	Lesson 7	Es ist windig.
A1.1	Lesson 7	Es ist kalt.
A1.1	Lesson 7	Es ist warm.
A1.1	Lesson 7	der Reifen
A1.1	Lesson 7	weiter
A1.1	Lesson 7	üben
A1.1	Lesson 7	tragen
A1.1	Lesson 7	schicken
A1.1	Lesson 7	funktionieren
A1.1	Lesson 7	der Kommentar
A1.1	Lesson 7	aussehen (wie)
A1.1	Lesson 7	können
A1.1	Lesson 7	stimmen
A1.1	Lesson 7	der Tipp
A1.1	Lesson 7	reiten
A1.1	Lesson 7	malen
A1.1	Lesson 7	backen
A1.1	Lesson 7	das Tennis (spielen) (Sg.)
A1.1	Lesson 7	Tennis spielen
A1.1	Lesson 7	singen
A1.1	Lesson 7	das Klavier
A1.1	Lesson 7	senkrecht
A1.1	Lesson 7	waagerecht
A1.1	Lesson 7	wollen
A1.1	Lesson 7	der Kurs
A1.1	Lesson 7	der Stress
A1.1	Lesson 7	die Kommunikation
A1.1	Lesson 7	das Training
A1.1	Lesson 7	die Psychologie
A1.1	Lesson 7	das Theater
A1.1	Lesson 7	die Produktion
A1.1	Lesson 7	die Mathematik
A1.1	Lesson 7	die Ferien (Pl.)
A1.1	Lesson 7	schreiben
A1.1	Lesson 7	die Mathe
A1.1	Lesson 7	noch
A1.1	Lesson 7	gestern
A1.1	Lesson 7	finden
A1.1	Lesson 7	früher
A1.1	Lesson 7	oft
A1.1	Lesson 7	nach Hause
A1.1	Lesson 7	einmal
A1.1	Lesson 7	nie
A1.1	Lesson 7	öfter
A1.1	Lesson 7	schwer
A1.1	Lesson 7	cool
A1.1	Lesson 7	die Zeitung
A1.1	Lesson 7	meistens
A1.1	Lesson 7	die Antwort
A1.1	Lesson 7	leicht
A1.1	Lesson 7	der Bus
A1.1	Lesson 7	das Plakat
A1.1	Lesson 7	der Comic
A1.1	Lesson 7	Gitarre spielen
A1.1	Lesson 7	Fahrrad fahren
A1.1	Lesson 7	Freunde treffen
A1.1	Lesson 7	Ski fahren
A1.1	Lesson 7	rechnen
A1.2	Lesson 9	mitkommen
A1.2	Lesson 9	der Führerschein
A1.2	Lesson 9	das Ticket
A1.2	Lesson 9	das Amt
A1.2	Lesson 9	gültig
A1.2	Lesson 9	mieten
A1.2	Lesson 9	ausländisch
A1.2	Lesson 9	europäisch
A1.2	Lesson 9	die Europäische Union (EU)
A1.2	Lesson 9	jung
A1.2	Lesson 9	die Fahrkarte
A1.2	Lesson 9	die Fahrt
A1.2	Lesson 9	der Antrag
A1.2	Lesson 9	müssen
A1.2	Lesson 9	ausfüllen
A1.2	Lesson 9	der Ausweis
A1.2	Lesson 9	mitbringen
A1.2	Lesson 9	der Pass
A1.2	Lesson 9	die Kreditkarte
A1.2	Lesson 9	verstehen
A1.2	Lesson 9	der Automat
A1.2	Lesson 9	auswählen
A1.2	Lesson 9	das Ziel
A1.2	Lesson 9	wählen
A1.2	Lesson 9	man
A1.2	Lesson 9	zuerst
A1.2	Lesson 9	danach
A1.2	Lesson 9	dann
A1.2	Lesson 9	der Schluss
A1.2	Lesson 9	vorne
A1.2	Lesson 9	der Laden
A1.2	Lesson 9	abholen
A1.2	Lesson 9	leise
A1.2	Lesson 9	die Übung
A1.2	Lesson 9	erklären
A1.2	Lesson 9	laut
A1.2	Lesson 9	ausmachen
A1.2	Lesson 9	schließen
A1.2	Lesson 9	öffnen
A1.2	Lesson 9	zuhören
A1.2	Lesson 9	der Text
A1.2	Lesson 9	aufstehen
A1.2	Lesson 9	pünktlich
A1.2	Lesson 9	warten
A1.2	Lesson 9	die Anmeldung
A1.2	Lesson 9	die Gebühr
A1.2	Lesson 9	die Kasse
A1.2	Lesson 9	ander-
A1.2	Lesson 9	der Unterricht
A1.2	Lesson 9	lachen
A1.2	Lesson 9	beantragen
A1.2	Lesson 9	dürfen
A1.2	Lesson 9	die Zigarette
A1.2	Lesson 9	rauchen
A1.2	Lesson 9	langsam
A1.2	Lesson 9	der Parkplatz
A1.2	Lesson 9	parken
A1.2	Lesson 9	Achtung
A1.2	Lesson 9	warum
A1.2	Lesson 9	erlaubt (sein)
A1.2	Lesson 9	verboten (sein)
A1.2	Lesson 9	mitnehmen
A1.2	Lesson 9	das Eis
A1.2	Lesson 9	das Gepäck
A1.2	Lesson 9	abgeben
A1.2	Lesson 9	benutzen
A1.2	Lesson 9	einen Führerschein beantragen
A1.2	Lesson 9	einen Antrag ausfüllen
A1.2	Lesson 9	einen Antrag abgeben
A1.2	Lesson 9	den Ausweis mitbringen
A1.2	Lesson 9	den Pass mitbringen
A1.2	Lesson 9	eine Gebühr bezahlen
A1.2	Lesson 9	das Hotel
A1.2	Lesson 9	die Minute
A1.2	Lesson 9	der Rundgang
A1.2	Lesson 9	die Sehenswürdigkeit
A1.2	Lesson 9	beginnen
A1.2	Lesson 9	der Einkauf
A1.2	Lesson 9	berühmt
A1.2	Lesson 9	der Einwohner
A1.2	Lesson 9	der Stadtplan
A1.2	Lesson 9	besuchen
A1.2	Lesson 9	die Geburt
A1.2	Lesson 9	die Ermäßigung
A1.2	Lesson 9	die Senioren (Pl.)
A1.2	Lesson 9	die Oper
A1.2	Lesson 9	besichtigen
A1.2	Lesson 9	die Führung
A1.2	Lesson 9	der Dom
A1.2	Lesson 9	paar (ein paar)
A1.2	Lesson 9	der Schritt
A1.2	Lesson 9	das Gebäude
A1.2	Lesson 9	der Eintritt
A1.2	Lesson 9	die Auskunft
A1.2	Lesson 9	das Zentrum
A1.2	Lesson 9	inklusive
A1.2	Lesson 9	kostenlos
A1.2	Lesson 9	das Ergebnis
A1.2	Lesson 9	die Altstadt
A1.2	Lesson 9	der See
A1.2	Lesson 9	das WC
A1.2	Lesson 9	die Klimaanlage
A1.2	Lesson 9	das Frühstück
A1.2	Lesson 9	die Lage
A1.2	Lesson 9	zentral
A1.2	Lesson 9	der Blick
A1.2	Lesson 9	die Terrasse
A1.2	Lesson 9	historisch
A1.2	Lesson 9	das Schwimmbad
A1.2	Lesson 9	die Haltestelle
A1.2	Lesson 9	buchen
A1.2	Lesson 9	das Doppelzimmer
A1.2	Lesson 9	das Einzelzimmer
A1.2	Lesson 9	der Gast
A1.2	Lesson 9	der Wunsch
A1.2	Lesson 9	der Nichtraucher
A1.2	Lesson 9	die Ankunft
A1.2	Lesson 9	die Rezeption
A1.2	Lesson 9	fertig (sein)
A1.2	Lesson 9	wiederholen
A1.2	Lesson 9	der Rahm
A1.2	Lesson 9	die Vollpension
A1.2	Lesson 9	die Halbpension
A1.2	Lesson 9	reservieren
A1.2	Lesson 9	der Schlüssel
A1.2	Lesson 9	der Lift
A1.2	Lesson 10	die Notaufnahme
A1.2	Lesson 10	das Auge
A1.2	Lesson 10	wehtun
A1.2	Lesson 10	der Unfall
A1.2	Lesson 10	der Doktor
A1.2	Lesson 10	der Schmerz
A1.2	Lesson 10	sollen
A1.2	Lesson 10	das Mädchen
A1.2	Lesson 10	schlimm
A1.2	Lesson 10	geben
A1.2	Lesson 10	die Tablette
A1.2	Lesson 10	beide
A1.2	Lesson 10	lustig
A1.2	Lesson 10	das Bein
A1.2	Lesson 10	das Haar
A1.2	Lesson 10	das Ohr
A1.2	Lesson 10	der Arm
A1.2	Lesson 10	der Bauch
A1.2	Lesson 10	der Finger
A1.2	Lesson 10	der Fuß
A1.2	Lesson 10	der Hals
A1.2	Lesson 10	der Kopf
A1.2	Lesson 10	der Rücken
A1.2	Lesson 10	die Brust
A1.2	Lesson 10	die Hand
A1.2	Lesson 10	die Nase
A1.2	Lesson 10	der Mund
A1.2	Lesson 10	der Zahn
A1.2	Lesson 10	krank
A1.2	Lesson 10	informieren
A1.2	Lesson 10	sein-
A1.2	Lesson 10	ihr-
A1.2	Lesson 10	unser-
A1.2	Lesson 10	ausfallen
A1.2	Lesson 10	das Lied
A1.2	Lesson 10	die Nachricht
A1.2	Lesson 10	der Kuss
A1.2	Lesson 10	eu(e)r-
A1.2	Lesson 10	gesund
A1.2	Lesson 10	hoffentlich
A1.2	Lesson 10	der Bekannte
A1.2	Lesson 10	die Bekannte
A1.2	Lesson 10	die Medizin
A1.2	Lesson 10	trainieren
A1.2	Lesson 10	der Husten
A1.2	Lesson 10	die Salbe
A1.2	Lesson 10	verwenden
A1.2	Lesson 10	die Gesundheit
A1.2	Lesson 10	tun
A1.2	Lesson 10	das Fieber
A1.2	Lesson 10	der Schnupfen
A1.2	Lesson 10	der Wald
A1.2	Lesson 10	dick
A1.2	Lesson 10	die Leute (Pl.)
A1.2	Lesson 10	nichts
A1.2	Lesson 10	aufpassen
A1.2	Lesson 10	das Fitness-Studio
A1.2	Lesson 10	der Kursleiter
A1.2	Lesson 10	die Kursleiterin
A1.2	Lesson 10	ruhig
A1.2	Lesson 10	beobachten
A1.2	Lesson 10	der Bauernhof
A1.2	Lesson 10	die Gruppe
A1.2	Lesson 10	der Mensch
A1.2	Lesson 10	laufen
A1.2	Lesson 10	der Spaziergang
A1.2	Lesson 10	gegen
A1.2	Lesson 10	doppelt
A1.2	Lesson 10	das Müsli
A1.2	Lesson 10	der Inhalt
A1.2	Lesson 10	der Absender
A1.2	Lesson 10	der Ort
A1.2	Lesson 10	der Empfänger
A1.2	Lesson 10	die Anrede
A1.2	Lesson 10	das Datum
A1.2	Lesson 10	der Zug
A1.2	Lesson 10	der Kilometer
A1.2	Lesson 10	die (Arzt-)Praxis
A1.2	Lesson 10	vereinbaren
A1.2	Lesson 10	ändern
A1.2	Lesson 10	absagen
A1.2	Lesson 10	vorbeikommen
A1.2	Lesson 10	die Ordnung
A1.2	Lesson 10	dringend
A1.2	Lesson 11	die Werkstatt
A1.2	Lesson 11	die Apotheke
A1.2	Lesson 11	die S-Bahn
A1.2	Lesson 11	die Autobahn
A1.2	Lesson 11	die Tankstelle
A1.2	Lesson 11	der Platz
A1.2	Lesson 11	die Brücke
A1.2	Lesson 11	die Ampel
A1.2	Lesson 11	rechts
A1.2	Lesson 11	geradeaus
A1.2	Lesson 11	links
A1.2	Lesson 11	selbst
A1.2	Lesson 11	zumachen
A1.2	Lesson 11	der Weg
A1.2	Lesson 11	schnell
A1.2	Lesson 11	fremd
A1.2	Lesson 11	bedeuten
A1.2	Lesson 11	okay
A1.2	Lesson 11	der Bahnhof
A1.2	Lesson 11	das Kino
A1.2	Lesson 11	die Straße
A1.2	Lesson 11	das Hotel
A1.2	Lesson 11	die Metzgerei
A1.2	Lesson 11	die Schule
A1.2	Lesson 11	der Kindergarten
A1.2	Lesson 11	die Post
A1.2	Lesson 11	die Nähe
A1.2	Lesson 11	fliegen
A1.2	Lesson 11	das Flugzeug
A1.2	Lesson 11	die Straßenbahn
A1.2	Lesson 11	das Taxi
A1.2	Lesson 11	wohin
A1.2	Lesson 11	weit
A1.2	Lesson 11	der Hauptbahnhof
A1.2	Lesson 11	die Station
A1.2	Lesson 11	der Lkw
A1.2	Lesson 11	stehen
A1.2	Lesson 11	der Kiosk
A1.2	Lesson 11	die Buchhandlung
A1.2	Lesson 11	sitzen
A1.2	Lesson 11	die Bücherei
A1.2	Lesson 11	die Bäckerei
A1.2	Lesson 11	der Baum
A1.2	Lesson 11	die Bank
A1.2	Lesson 11	an
A1.2	Lesson 11	auf
A1.2	Lesson 11	hinter
A1.2	Lesson 11	über
A1.2	Lesson 11	unter
A1.2	Lesson 11	zwischen
A1.2	Lesson 11	neben
A1.2	Lesson 11	die Fußgängerzone
A1.2	Lesson 11	holen
A1.2	Lesson 11	das Geschäft
A1.2	Lesson 11	die Konferenz
A1.2	Lesson 11	das Stadion
A1.2	Lesson 11	der Kunde
A1.2	Lesson 11	die Kundin
A1.2	Lesson 11	kopieren
A1.2	Lesson 11	die DVD
A1.2	Lesson 11	ausleihen
A1.2	Lesson 11	(da) vorne
A1.2	Lesson 11	(da) hinten
A1.2	Lesson 11	(da) drüben
A1.2	Lesson 11	die Ecke
A1.2	Lesson 11	unterwegs
A1.2	Lesson 11	abfahren
A1.2	Lesson 11	das Gleis
A1.2	Lesson 11	einsteigen
A1.2	Lesson 11	die Verspätung
A1.2	Lesson 11	ankommen
A1.2	Lesson 11	umsteigen
A1.2	Lesson 11	aussteigen
A1.2	Lesson 11	direkt
A1.2	Lesson 11	der Schalter
A1.2	Lesson 11	der Bahnsteig
A1.2	Lesson 11	achten
A1.2	Lesson 11	die Durchsage
A1.2	Lesson 11	der Anschluss
A1.2	Lesson 11	hin und zurück
A1.2	Lesson 11	der Fahrplan
A1.2	Lesson 11	das Museum
A1.2	Lesson 11	der Supermarkt
A1.2	Lesson 11	der Fußballplatz
A1.2	Lesson 12	die Tasche
A1.2	Lesson 12	die Tüte
A1.2	Lesson 12	die Rechnung
A1.2	Lesson 12	der Verkäufer
A1.2	Lesson 12	die Verkäuferin
A1.2	Lesson 12	kaputt
A1.2	Lesson 12	reparieren
A1.2	Lesson 12	sauer
A1.2	Lesson 12	unfreundlich
A1.2	Lesson 12	normal
A1.2	Lesson 12	die Kleider (Pl.)
A1.2	Lesson 12	die Reparatur
A1.2	Lesson 12	nähen
A1.2	Lesson 12	das Mittagessen
A1.2	Lesson 12	verkaufen
A1.2	Lesson 12	die Kamera
A1.2	Lesson 12	das Modell
A1.2	Lesson 12	die Garantie
A1.2	Lesson 12	vorbeibringen
A1.2	Lesson 12	zurückgeben
A1.2	Lesson 12	anmachen
A1.2	Lesson 12	die Tür
A1.2	Lesson 12	zumachen
A1.2	Lesson 12	das Fenster
A1.2	Lesson 12	aufmachen
A1.2	Lesson 12	das Papier
A1.2	Lesson 12	der Drucker
A1.2	Lesson 12	das Licht
A1.2	Lesson 12	die Bitte
A1.2	Lesson 12	empfehlen
A1.2	Lesson 12	das Institut
A1.2	Lesson 12	der Flug
A1.2	Lesson 12	Bescheid sagen/geben
A1.2	Lesson 12	gründlich
A1.2	Lesson 12	die (Bank-)Überweisung
A1.2	Lesson 12	die Mailbox
A1.2	Lesson 12	der Fehler
A1.2	Lesson 12	zurückrufen
A1.2	Lesson 12	die Hilfe
A1.2	Lesson 12	das Ausland
A1.2	Lesson 12	der Flughafen
A1.2	Lesson 12	sparen
A1.2	Lesson 12	die (Kaffee-)Maschine
A1.2	Lesson 12	das Zeugnis
A1.2	Lesson 12	das Dokument
A1.2	Lesson 12	reinigen
A1.2	Lesson 12	die Reinigung
A1.2	Lesson 12	putzen
A1.2	Lesson 12	das Dach
A1.2	Lesson 12	der Mitarbeiter
A1.2	Lesson 12	die Mitarbeiterin
A1.2	Lesson 12	die Übersetzung
A1.2	Lesson 12	bestellen
A1.2	Lesson 12	die Nudel
A1.2	Lesson 12	das Gericht
A1.2	Lesson 12	günstig
A1.2	Lesson 12	genießen
A1.2	Lesson 12	das Terminal
A1.2	Lesson 12	die Freude
A1.2	Lesson 12	das Ersatzteil
A1.2	Lesson 12	das Lager
A1.2	Lesson 12	die Beratung
A1.2	Lesson 12	der Snack
A1.2	Lesson 12	die Laune
A1.2	Lesson 13	die Jacke
A1.2	Lesson 13	der Mantel
A1.2	Lesson 13	dünn
A1.2	Lesson 13	passen
A1.2	Lesson 13	allein
A1.2	Lesson 13	die Kleidung
A1.2	Lesson 13	die Bluse
A1.2	Lesson 13	das T-Shirt
A1.2	Lesson 13	der Schuh
A1.2	Lesson 13	die Hose
A1.2	Lesson 13	der Rock
A1.2	Lesson 13	das Kleid
A1.2	Lesson 13	der Stiefel
A1.2	Lesson 13	der Pullover
A1.2	Lesson 13	die Socke
A1.2	Lesson 13	der Strumpf
A1.2	Lesson 13	die Jeans
A1.2	Lesson 13	das Tuch
A1.2	Lesson 13	das Hemd
A1.2	Lesson 13	der Anzug
A1.2	Lesson 13	die (Sonnen-)Brille
A1.2	Lesson 13	langweilig
A1.2	Lesson 13	der (Regen-)Schirm
A1.2	Lesson 13	perfekt
A1.2	Lesson 13	stehen
A1.2	Lesson 13	die Bratwurst
A1.2	Lesson 13	die Landschaft
A1.2	Lesson 13	der Berg
A1.2	Lesson 13	das Dorf
A1.2	Lesson 13	die Nordsee
A1.2	Lesson 13	der Strand
A1.2	Lesson 13	das Meer
A1.2	Lesson 13	der Hafen
A1.2	Lesson 13	besser
A1.2	Lesson 13	am besten
A1.2	Lesson 13	der Steward
A1.2	Lesson 13	die Stewardess
A1.2	Lesson 13	die Uniform
A1.2	Lesson 13	gehören
A1.2	Lesson 13	anziehen (sich)
A1.2	Lesson 13	am liebsten
A1.2	Lesson 13	tragen
A1.2	Lesson 13	wunderschön
A1.2	Lesson 13	das Jogging
A1.2	Lesson 13	mehr
A1.2	Lesson 13	am meisten
A1.2	Lesson 13	der Witz
A1.2	Lesson 13	total
A1.2	Lesson 13	dies-
A1.2	Lesson 13	der Koffer
A1.2	Lesson 13	der Wochentag
A1.2	Lesson 13	mögen
A1.2	Lesson 13	das Erdgeschoss
A1.2	Lesson 13	das Obergeschoss
A1.2	Lesson 13	das Untergeschoss
A1.2	Lesson 13	der Ausgang
A1.2	Lesson 13	der Eingang
A1.2	Lesson 13	die Drogerie
A1.2	Lesson 13	die Kosmetik
A1.2	Lesson 13	die Uhr
A1.2	Lesson 13	der Schmuck
A1.2	Lesson 13	die Zeitschrift
A1.2	Lesson 13	das Geschirr
A1.2	Lesson 13	die Ware
A1.2	Lesson 13	das Spiel
A1.2	Lesson 13	die Seife
A1.2	Lesson 13	die Zahnbürste
A1.2	Lesson 13	die Zahnpasta
A1.2	Lesson 13	die Größe
A1.2	Lesson 13	anprobieren
A1.2	Lesson 13	der Gürtel
A1.2	Lesson 14	das Ende
A1.2	Lesson 14	der Geburtstag
A1.2	Lesson 14	schenken
A1.2	Lesson 14	traurig
A1.2	Lesson 14	erzählen
A1.2	Lesson 14	feiern
A1.2	Lesson 14	der Abschied
A1.2	Lesson 14	(sich) wünschen
A1.2	Lesson 14	das Glück
A1.2	Lesson 14	der Glückwunsch
A1.2	Lesson 14	gratulieren
A1.2	Lesson 14	enden
A1.2	Lesson 14	erste
A1.2	Lesson 14	zweite
A1.2	Lesson 14	dritte
A1.2	Lesson 14	der Januar
A1.2	Lesson 14	der Februar
A1.2	Lesson 14	der März
A1.2	Lesson 14	der April
A1.2	Lesson 14	der Mai
A1.2	Lesson 14	der Juni
A1.2	Lesson 14	der Juli
A1.2	Lesson 14	der August
A1.2	Lesson 14	der September
A1.2	Lesson 14	der Oktober
A1.2	Lesson 14	der November
A1.2	Lesson 14	der Dezember
A1.2	Lesson 14	die Blume
A1.2	Lesson 14	der Karneval
A1.2	Lesson 14	die Veranstaltung
A1.2	Lesson 14	die Jahreszeit
A1.2	Lesson 14	die Umfrage
A1.2	Lesson 14	mitmachen
A1.2	Lesson 14	der Feiertag
A1.2	Lesson 14	die (Gruß-)Karte
A1.2	Lesson 14	lieb
A1.2	Lesson 14	lieb haben
A1.2	Lesson 14	das Geschenk
A1.2	Lesson 14	(sich) lieben
A1.2	Lesson 14	der Nachtisch
A1.2	Lesson 14	der Laptop
A1.2	Lesson 14	schmutzig
A1.2	Lesson 14	waschen
A1.2	Lesson 14	denn
A1.2	Lesson 14	die Feier
A1.2	Lesson 14	organisieren
A1.2	Lesson 14	Bescheid geben
A1.2	Lesson 14	die Einladung
A1.2	Lesson 14	werden
A1.2	Lesson 14	einladen
A1.2	Lesson 14	sich freuen
A1.2	Lesson 14	der Nachbar
A1.2	Lesson 14	eröffnen
A1.2	Lesson 14	die Saison
A1.2	Lesson 14	der Grill
A1.2	Lesson 14	herzlich
A1.2	Lesson 14	das Fest
A1.2	Lesson 14	sorgen
A1.2	Lesson 14	das Weihnachten
A1.2	Lesson 14	anmelden (sich)
A1.2	Lesson 14	bitten
A1.2	Lesson 14	die Unterschrift
A1.2	Lesson 14	das Ostern
A1.2	Lesson 14	das Silvester
A1.2	Lesson 14	das Neujahr
A1.2	Lesson 14	bunt
A1.2	Lesson 14	verstecken (sich)
A1.2	Lesson 14	der Braten
A1.2	Lesson 14	heilig
A1.2	Lesson 14	anzünden
A1.2	Lesson 14	die Kerze
A1.2	Lesson 14	zurückkommen
A1.2	Lesson 14	auspacken
A1.2	Lesson 14	der Bart
A1.2	Lesson 14	der Sack
A1.2	Lesson 14	vorlesen
A1.2	Lesson 14	vorher
A1.2	Lesson 14	stellen
A1.2	Lesson 14	die Hochzeit
A2.1	Lesson 1	ziehen
A2.1	Lesson 1	glücklich
A2.1	Lesson 1	ansehen
A2.1	Lesson 1	klappen
A2.1	Lesson 1	das Gefühl
A2.1	Lesson 1	der Anfang
A2.1	Lesson 1	vermissen
A2.1	Lesson 1	weil
A2.1	Lesson 1	draußen
A2.1	Lesson 1	der Arbeitgeber
A2.1	Lesson 1	die Arbeitgeberin
A2.1	Lesson 1	umziehen
A2.1	Lesson 1	sagen
A2.1	Lesson 1	der Umzug
A2.1	Lesson 1	die Sachen (Pl.)
A2.1	Lesson 1	einschlafen
A2.1	Lesson 1	der Wecker
A2.1	Lesson 1	schließlich
A2.1	Lesson 1	sogar
A2.1	Lesson 1	der Arbeitstag
A2.1	Lesson 1	klingen
A2.1	Lesson 1	passieren
A2.1	Lesson 1	erleben
A2.1	Lesson 1	die Panne
A2.1	Lesson 1	der Alltag
A2.1	Lesson 1	verpassen
A2.1	Lesson 1	bemerken
A2.1	Lesson 1	(sich) vorstellen
A2.1	Lesson 1	die Geldbörse
A2.1	Lesson 1	verlieren
A2.1	Lesson 1	stoßen
A2.1	Lesson 1	peinlich
A2.1	Lesson 1	erfahren
A2.1	Lesson 1	das Pech
A2.1	Lesson 1	die Papiere (Pl.)
A2.1	Lesson 1	der Verwandte
A2.1	Lesson 1	die Verwandte
A2.1	Lesson 1	der Onkel
A2.1	Lesson 1	die Tante
A2.1	Lesson 1	der Cousin
A2.1	Lesson 1	die Cousine
A2.1	Lesson 1	der Neffe
A2.1	Lesson 1	die Tochter
A2.1	Lesson 1	die Schwester
A2.1	Lesson 1	die Nichte
A2.1	Lesson 1	der Bruder
A2.1	Lesson 1	der Sohn
A2.1	Lesson 1	sympathisch
A2.1	Lesson 1	das Mitglied
A2.1	Lesson 1	die Wohngemeinschaft (WG)
A2.1	Lesson 1	wahrscheinlich
A2.1	Lesson 1	verschieden
A2.1	Lesson 1	das Viertel
A2.1	Lesson 1	der Mieter
A2.1	Lesson 1	die Mieterin
A2.1	Lesson 1	einziehen
A2.1	Lesson 1	das Mal
A2.1	Lesson 1	komisch
A2.1	Lesson 1	jemand
A2.1	Lesson 1	die Software
A2.1	Lesson 1	endlich
A2.1	Lesson 1	teilen
A2.1	Lesson 1	bisher
A2.1	Lesson 1	ausziehen
A2.1	Lesson 1	jeder
A2.1	Lesson 1	sonst
A2.1	Lesson 1	nun
A2.1	Lesson 1	schwanger
A2.1	Lesson 1	getrennt leben
A2.1	Lesson 1	der Schwiegervater
A2.1	Lesson 1	der Großvater
A2.1	Lesson 1	die Rente
A2.1	Lesson 1	pensioniert
A2.1	Lesson 1	die Schwiegermutter
A2.1	Lesson 1	die Großmutter
A2.1	Lesson 1	der Schwager
A2.1	Lesson 1	der Ehemann
A2.1	Lesson 1	der Vater
A2.1	Lesson 1	die Schwägerin
A2.1	Lesson 1	die Mutter
A2.1	Lesson 2	die Energie
A2.1	Lesson 2	wechseln
A2.1	Lesson 2	die Decke
A2.1	Lesson 2	hängen
A2.1	Lesson 2	oben
A2.1	Lesson 2	der Dank
A2.1	Lesson 2	die Menge
A2.1	Lesson 2	die Kassette
A2.1	Lesson 2	der Kugelschreiber
A2.1	Lesson 2	stecken
A2.1	Lesson 2	das Schloss
A2.1	Lesson 2	das Bild
A2.1	Lesson 2	die Wand
A2.1	Lesson 2	legen
A2.1	Lesson 2	die Ruhe
A2.1	Lesson 2	das Schild
A2.1	Lesson 2	stören
A2.1	Lesson 2	wieder
A2.1	Lesson 2	bauen
A2.1	Lesson 2	dahin
A2.1	Lesson 2	da
A2.1	Lesson 2	die Pflanze
A2.1	Lesson 2	dorthin
A2.1	Lesson 2	die Vorsicht
A2.1	Lesson 2	herunter
A2.1	Lesson 2	runter
A2.1	Lesson 2	fallen
A2.1	Lesson 2	rein
A2.1	Lesson 2	der Müll
A2.1	Lesson 2	raus
A2.1	Lesson 2	reinkommen
A2.1	Lesson 2	der Briefkasten
A2.1	Lesson 2	gießen
A2.1	Lesson 2	die Katze
A2.1	Lesson 2	werfen
A2.1	Lesson 2	das Päckchen
A2.1	Lesson 2	annehmen
A2.1	Lesson 2	das Paket
A2.1	Lesson 2	die Schicht
A2.1	Lesson 2	wirklich
A2.1	Lesson 2	füttern
A2.1	Lesson 2	klingeln
A2.1	Lesson 2	erwarten
A2.1	Lesson 2	der Handwerker
A2.1	Lesson 2	die Handwerkerin
A2.1	Lesson 2	lassen
A2.1	Lesson 2	das Plastik
A2.1	Lesson 2	verpacken
A2.1	Lesson 2	vermeiden
A2.1	Lesson 2	der Moderator
A2.1	Lesson 2	die Moderatorin
A2.1	Lesson 2	die Aktion
A2.1	Lesson 2	der Deutsche
A2.1	Lesson 2	die Deutsche
A2.1	Lesson 2	trennen
A2.1	Lesson 2	bio(logisch)
A2.1	Lesson 2	das Experiment
A2.1	Lesson 2	aufhören
A2.1	Lesson 2	negativ
A2.1	Lesson 2	positiv
A2.1	Lesson 2	nötig
A2.1	Lesson 2	die Leitung
A2.1	Lesson 2	recht haben
A2.1	Lesson 2	das Land (Sg.)
A2.1	Lesson 2	realistisch
A2.1	Lesson 2	die Lösung
A2.1	Lesson 2	verzichten
A2.1	Lesson 2	die Umwelt
A2.1	Lesson 2	sicher
A2.1	Lesson 2	die (Müll-)Tonne
A2.1	Lesson 2	die Notiz
A2.1	Lesson 2	das Waschmittel
A2.1	Lesson 2	leer
A2.1	Lesson 2	der Zettel
A2.1	Lesson 2	das Spielzeug
A2.1	Lesson 2	das Kostüm
A2.1	Lesson 2	der Bewohner
A2.1	Lesson 2	die Bewohnerin
A2.1	Lesson 2	Müll trennen
A2.1	Lesson 2	der Papiermüll
A2.1	Lesson 2	der Biomüll
A2.1	Lesson 2	der Abfall
A2.1	Lesson 3	die Nachspeise
A2.1	Lesson 3	der Honig
A2.1	Lesson 3	selten
A2.1	Lesson 3	die Mahlzeit
A2.1	Lesson 3	die Tasse
A2.1	Lesson 3	bestimmt
A2.1	Lesson 3	die Kantine
A2.1	Lesson 3	fast
A2.1	Lesson 3	vegetarisch
A2.1	Lesson 3	die Gewohnheit
A2.1	Lesson 3	übernehmen
A2.1	Lesson 3	die Marmelade
A2.1	Lesson 3	deutsch
A2.1	Lesson 3	das Schwein
A2.1	Lesson 3	der Alkohol
A2.1	Lesson 3	zweimal
A2.1	Lesson 3	der Löffel
A2.1	Lesson 3	das Messer
A2.1	Lesson 3	der Teller
A2.1	Lesson 3	die Gabel
A2.1	Lesson 3	das Quartett
A2.1	Lesson 3	der Topf
A2.1	Lesson 3	die Kanne
A2.1	Lesson 3	das Glas
A2.1	Lesson 3	die Schüssel
A2.1	Lesson 3	die Pfanne
A2.1	Lesson 3	die Spülmaschine
A2.1	Lesson 3	riechen
A2.1	Lesson 3	der Appetit
A2.1	Lesson 3	(sich) ausziehen
A2.1	Lesson 3	der Boden
A2.1	Lesson 3	voll
A2.1	Lesson 3	höflich
A2.1	Lesson 3	die Diät
A2.1	Lesson 3	satt
A2.1	Lesson 3	überraschen
A2.1	Lesson 3	seltsam
A2.1	Lesson 3	genauso
A2.1	Lesson 3	anders
A2.1	Lesson 3	scharf
A2.1	Lesson 3	süß
A2.1	Lesson 3	salzig
A2.1	Lesson 3	fett
A2.1	Lesson 3	leiten
A2.1	Lesson 3	frisch
A2.1	Lesson 3	rund
A2.1	Lesson 3	unterschiedlich
A2.1	Lesson 3	die Art
A2.1	Lesson 3	die Frucht
A2.1	Lesson 3	die Vorspeise
A2.1	Lesson 3	Haupt-
A2.1	Lesson 3	das Prozent
A2.1	Lesson 3	der Markt
A2.1	Lesson 3	außerdem
A2.1	Lesson 3	regional
A2.1	Lesson 3	das Produkt
A2.1	Lesson 3	die Umgebung
A2.1	Lesson 3	die Fabrik
A2.1	Lesson 3	gegen
A2.1	Lesson 3	planen
A2.1	Lesson 3	zufrieden
A2.1	Lesson 3	das Schnitzel
A2.1	Lesson 3	das Stück
A2.1	Lesson 3	die Zitrone
A2.1	Lesson 3	sauber
A2.1	Lesson 3	das Rind
A2.1	Lesson 3	besetzt
A2.1	Lesson 3	das Trinkgeld
A2.1	Lesson 4	die Reservierung
A2.1	Lesson 4	die Bestätigung
A2.1	Lesson 4	online
A2.1	Lesson 4	schwierig
A2.1	Lesson 4	die Besprechung
A2.1	Lesson 4	der Notfall
A2.1	Lesson 4	der Test
A2.1	Lesson 4	nämlich
A2.1	Lesson 4	freundlich
A2.1	Lesson 4	klug
A2.1	Lesson 4	wenn
A2.1	Lesson 4	angeben
A2.1	Lesson 4	die Mehrwertsteuer
A2.1	Lesson 4	die Quittung
A2.1	Lesson 4	das Material
A2.1	Lesson 4	kompliziert
A2.1	Lesson 4	der Empfang
A2.1	Lesson 4	ausschalten
A2.1	Lesson 4	der Kopierer
A2.1	Lesson 4	der Sekretär
A2.1	Lesson 4	die Sekretärin
A2.1	Lesson 4	spülen
A2.1	Lesson 4	der Teilnehmer
A2.1	Lesson 4	die Teilnehmerin
A2.1	Lesson 4	die Wahl
A2.1	Lesson 4	die Entscheidung
A2.1	Lesson 4	verbringen
A2.1	Lesson 4	das Interesse
A2.1	Lesson 4	nutzen
A2.1	Lesson 4	die Plattform
A2.1	Lesson 4	das Forum
A2.1	Lesson 4	die Meinung
A2.1	Lesson 4	ausrichten
A2.1	Lesson 4	der Export
A2.1	Lesson 4	verbinden mit
A2.1	Lesson 4	versuchen
A2.1	Lesson 4	niemand
A2.1	Lesson 4	der Feierabend
A2.1	Lesson 4	der Import
A2.1	Lesson 4	der Betrieb
A2.1	Lesson 4	beschäftigen
A2.1	Lesson 4	behalten
A2.1	Lesson 4	erkennen
A2.1	Lesson 4	allmählich
A2.1	Lesson 4	die Maßnahme
A2.1	Lesson 4	flexibel
A2.1	Lesson 4	nennen
A2.1	Lesson 4	beliebt
A2.1	Lesson 4	das Konto
A2.1	Lesson 4	der Arbeitnehmer
A2.1	Lesson 4	die Arbeitnehmerin
A2.1	Lesson 4	möglich
A2.1	Lesson 4	die Teilzeit
A2.1	Lesson 4	verdienen
A2.1	Lesson 4	die Weiterbildung
A2.1	Lesson 4	akzeptieren
A2.1	Lesson 4	gering
A2.1	Lesson 4	der Lohn
A2.1	Lesson 4	die Betreuung
A2.1	Lesson 4	zu wenig
A2.1	Lesson 4	durchschnittlich
A2.1	Lesson 4	die Ahnung
A2.1	Lesson 4	der Nationalfeiertag
A2.1	Lesson 4	die Überstunde
A2.1	Lesson 4	bieten
A2.1	Lesson 4	die Regel
A2.1	Lesson 4	die Industrie
A2.1	Lesson 4	der Vertrag
A2.1	Lesson 4	der Durchschnitt
A2.1	Lesson 4	dagegen
A2.1	Lesson 4	der Angestellte
A2.1	Lesson 4	die Angestellte
A2.1	Lesson 4	insgesamt
A2.1	Lesson 4	gelten
A2.1	Lesson 4	mindestens
A2.1	Lesson 5	genug
A2.1	Lesson 5	der Tanz
A2.1	Lesson 5	der Basketball (Sg.)
A2.1	Lesson 5	statt·finden
A2.1	Lesson 5	(sich) fühlen
A2.1	Lesson 5	das Video
A2.1	Lesson 5	hin·fallen
A2.1	Lesson 5	die Lust
A2.1	Lesson 5	der Verein
A2.1	Lesson 5	der Versuch
A2.1	Lesson 5	der Meister
A2.1	Lesson 5	die Sportart
A2.1	Lesson 5	die Entspannung
A2.1	Lesson 5	die Ernährung
A2.1	Lesson 5	die Bewegung
A2.1	Lesson 5	fit
A2.1	Lesson 5	(sich) verabreden mit
A2.1	Lesson 5	(sich) aus·ruhen
A2.1	Lesson 5	(sich) duschen
A2.1	Lesson 5	(sich) ernähren
A2.1	Lesson 5	(sich) ärgern (über)
A2.1	Lesson 5	(sich) rasieren
A2.1	Lesson 5	(sich) schminken
A2.1	Lesson 5	(sich) um·ziehen
A2.1	Lesson 5	(sich) kämmen
A2.1	Lesson 5	(sich) waschen
A2.1	Lesson 5	(sich) beeilen
A2.1	Lesson 5	(sich) konzentrieren (auf)
A2.1	Lesson 5	(sich) beschweren (über)
A2.1	Lesson 5	überhaupt
A2.1	Lesson 5	die Geschichte
A2.1	Lesson 5	die Nachrichten (Pl.)
A2.1	Lesson 5	die Weltmeisterschaft
A2.1	Lesson 5	die Wettervorhersage
A2.1	Lesson 5	die Mannschaft
A2.1	Lesson 5	der Besuch
A2.1	Lesson 5	(sich) kümmern um
A2.1	Lesson 5	träumen von
A2.1	Lesson 5	die Angst
A2.1	Lesson 5	ehrlich
A2.1	Lesson 5	das Gold
A2.1	Lesson 5	(sich) erinnern an
A2.1	Lesson 5	denken an
A2.1	Lesson 5	die Ferien (Pl.)
A2.1	Lesson 5	die Gymnastik
A2.1	Lesson 5	das Tischtennis
A2.1	Lesson 5	der Volleyball
A2.1	Lesson 5	die Fitness
A2.1	Lesson 5	der Beitrag
A2.1	Lesson 5	betragen
A2.1	Lesson 5	geschehen
A2.1	Lesson 5	die Broschüre
A2.1	Lesson 5	der Ehepartner
A2.1	Lesson 5	die Ehepartnerin
A2.1	Lesson 5	die Halle
A2.1	Lesson 5	zusätzlich
A2.1	Lesson 5	der Apparat
A2.1	Lesson 5	der Angehörige
A2.1	Lesson 5	die Angehörige
A2.1	Lesson 5	der Azubi
A2.1	Lesson 5	aktiv
A2.1	Lesson 5	(sich) halten
A2.1	Lesson 5	häufig
A2.1	Lesson 5	die Ursache
A2.1	Lesson 5	die Krankheit
A2.1	Lesson 5	der Bildschirm
A2.1	Lesson 5	der Körper
A2.1	Lesson 5	die Treppe
A2.1	Lesson 5	die Luft
A2.1	Lesson 5	die Untersuchung
A2.1	Lesson 5	schaffen
A2.1	Lesson 5	preiswert
A2.1	Lesson 5	der Trend
A2.1	Lesson 5	der Spielplatz
A2.1	Lesson 5	die Krankenkasse
A2.1	Lesson 5	die Strecke
A2.1	Lesson 5	klar
A2.1	Lesson 5	selbstverständlich
A2.1	Lesson 5	übertreiben
A2.1	Lesson 5	Fußball spielen
A2.1	Lesson 5	Ski fahren
A2.1	Lesson 5	joggen
A2.1	Lesson 5	Basketball spielen
A2.1	Lesson 5	Eishockey spielen
A2.1	Lesson 5	Fahrrad fahren
A2.1	Lesson 5	schwimmen
A2.1	Lesson 5	tanzen
A2.1	Lesson 6	die Karriere
A2.1	Lesson 6	das (Schul-)Fach
A2.1	Lesson 6	die Note
A2.1	Lesson 6	das Gymnasium
A2.1	Lesson 6	das Referat
A2.1	Lesson 6	das Abitur
A2.1	Lesson 6	die Klasse
A2.1	Lesson 6	der Abschluss
A2.1	Lesson 6	die Prüfung
A2.1	Lesson 6	faul
A2.1	Lesson 6	fleißig
A2.1	Lesson 6	intelligent
A2.1	Lesson 6	dumm
A2.1	Lesson 6	schrecklich
A2.1	Lesson 6	(sich) streiten
A2.1	Lesson 6	(sich) verbessern
A2.1	Lesson 6	das Verhalten
A2.1	Lesson 6	streng
A2.1	Lesson 6	der Wunsch
A2.1	Lesson 6	der Plan
A2.1	Lesson 6	der Friseur
A2.1	Lesson 6	die Friseurin
A2.1	Lesson 6	der Jugendliche
A2.1	Lesson 6	die Jugendliche
A2.1	Lesson 6	der Schauspieler
A2.1	Lesson 6	die Schauspielerin
A2.1	Lesson 6	dass
A2.1	Lesson 6	vorhin
A2.1	Lesson 6	mittler-
A2.1	Lesson 6	die Aktivität
A2.1	Lesson 6	der Junge
A2.1	Lesson 6	das System
A2.1	Lesson 6	die (Fach-)Hochschule
A2.1	Lesson 6	die Gesamtschule
A2.1	Lesson 6	die Realschule
A2.1	Lesson 6	die Hauptschule
A2.1	Lesson 6	die Mittelschule
A2.1	Lesson 6	die Berufsschule
A2.1	Lesson 6	freiwillig
A2.1	Lesson 6	die Krippe
A2.1	Lesson 6	die Grundschule
A2.1	Lesson 6	der Mechatroniker
A2.1	Lesson 6	die Mechatronikerin
A2.1	Lesson 6	die Physik
A2.1	Lesson 6	die Musik
A2.1	Lesson 6	die Biologie
A2.1	Lesson 6	die Chemie
A2.1	Lesson 6	die Geografie
A2.1	Lesson 6	die Kunst
A2.1	Lesson 6	die Geschichte
A2.1	Lesson 6	der Sport
A2.1	Lesson 6	die Sozialkunde
A2.1	Lesson 6	echt
A2.1	Lesson 6	hassen
A2.1	Lesson 6	die Gesellschaft
A2.1	Lesson 6	die Leistung
A2.1	Lesson 6	der Beginn
A2.1	Lesson 6	all-
A2.1	Lesson 6	die Stimme
A2.1	Lesson 6	notwendig
A2.1	Lesson 6	der Auftritt
A2.1	Lesson 6	speichern
A2.1	Lesson 6	löschen
A2.1	Lesson 6	die Festplatte
A2.1	Lesson 6	die Voraussetzung
A2.1	Lesson 6	die Politik
A2.1	Lesson 6	die Wirtschaft
A2.1	Lesson 6	die Kultur
A2.1	Lesson 6	der Vortrag
A2.1	Lesson 6	(sich) bewerben
A2.1	Lesson 6	präsentieren
A2.1	Lesson 6	der Experte
A2.1	Lesson 6	die Expertin
A2.1	Lesson 6	der Erfolg
A2.1	Lesson 6	der Streit
A2.1	Lesson 6	der Ärger
A2.1	Lesson 6	lösen
A2.1	Lesson 6	teil·nehmen
A2.1	Lesson 6	die Kündigung
A2.1	Lesson 6	solch-
A2.1	Lesson 6	(sich) fürchten
A2.1	Lesson 6	führen
A2.1	Lesson 6	das Klima
A2.1	Lesson 6	die Technik
A2.1	Lesson 6	(sich) verhalten
A2.1	Lesson 6	die Situation
A2.1	Lesson 6	die Einführung
A2.1	Lesson 6	die Theorie
A2.1	Lesson 6	praktisch
A2.1	Lesson 6	der Verkehr
A2.1	Lesson 6	(sich) verletzen
A2.1	Lesson 6	bluten
A2.1	Lesson 6	der Notarzt
A2.1	Lesson 6	der Traum
A2.1	Lesson 6	unbedingt
A2.1	Lesson 6	nebenbei
A2.1	Lesson 6	die Heimat
A2.1	Lesson 6	sogenannt
A2.1	Lesson 6	die Klinik
A2.1	Lesson 6	vor allem
A2.1	Lesson 6	das Tier
A2.1	Lesson 6	sammeln
A2.1	Lesson 6	der Rest
A2.1	Lesson 6	bestehen
A2.1	Lesson 6	realisieren
A2.1	Lesson 6	entdecken
A2.1	Lesson 6	die Zukunft
A2.1	Lesson 6	der Astronaut
A2.1	Lesson 6	die Astronautin
A2.1	Lesson 6	die Mathematik
A2.1	Lesson 7	unbekannt
A2.1	Lesson 7	(sich) vor·bereiten
A2.1	Lesson 7	basteln
A2.1	Lesson 7	entscheiden
A2.1	Lesson 7	das Baby
A2.1	Lesson 7	die Kette
A2.1	Lesson 7	die DVD
A2.1	Lesson 7	die Puppe
A2.1	Lesson 7	das Motorrad
A2.1	Lesson 7	der Geldbeutel
A2.1	Lesson 7	die Schokolade
A2.1	Lesson 7	das Buch
A2.1	Lesson 7	die Creme
A2.1	Lesson 7	das Parfüm
A2.1	Lesson 7	probieren
A2.1	Lesson 7	liefern
A2.1	Lesson 7	zuverlässig
A2.1	Lesson 7	Sonder-
A2.1	Lesson 7	die Schachtel
A2.1	Lesson 7	aus·drucken
A2.1	Lesson 7	die Briefmarke
A2.1	Lesson 7	die Kirche
A2.1	Lesson 7	die Trauung
A2.1	Lesson 7	wahnsinnig
A2.1	Lesson 7	die Stimmung
A2.1	Lesson 7	blöd
A2.1	Lesson 7	grüßen
A2.1	Lesson 7	weinen
A2.1	Lesson 7	die Torte
A2.1	Lesson 7	übrigens
A2.1	Lesson 7	treten
A2.1	Lesson 7	wohl
A2.1	Lesson 7	nervös
A2.1	Lesson 7	wenigstens
A2.1	Lesson 7	wach
A2.1	Lesson 7	wild
A2.1	Lesson 7	persönlich
A2.1	Lesson 7	die Pflaume
A2.1	Lesson 7	das Herz
A2.1	Lesson 7	der Tod
A2.1	Lesson 7	aus·geben
A2.1	Lesson 7	auf keinen Fall
A2.1	Lesson 7	auf jeden Fall
A2.1	Lesson 7	per
A2.1	Lesson 7	die SMS
A2.1	Lesson 7	(sich) unterhalten
A2.1	Lesson 7	dekorieren
A2.1	Lesson 7	die Unterhaltung
A2.1	Lesson 7	überzeugen
A2.1	Lesson 7	die Praline
A2.2	Lesson 8	die Anleitung
A2.2	Lesson 8	der Hammer
A2.2	Lesson 8	das Werkzeug
A2.2	Lesson 8	mit·spielen
A2.2	Lesson 8	die Disco
A2.2	Lesson 8	die Diskothek
A2.2	Lesson 8	aus·gehen
A2.2	Lesson 8	die Wäsche
A2.2	Lesson 8	unternehmen
A2.2	Lesson 8	das Ding
A2.2	Lesson 8	erschöpft
A2.2	Lesson 8	trotzdem
A2.2	Lesson 8	gewinnen
A2.2	Lesson 8	die Radtour
A2.2	Lesson 8	der Flohmarkt
A2.2	Lesson 8	erkältet sein
A2.2	Lesson 8	ständig
A2.2	Lesson 8	der Vorschlag
A2.2	Lesson 8	die Rundfahrt
A2.2	Lesson 8	einverstanden
A2.2	Lesson 8	reagieren
A2.2	Lesson 8	gemeinsam
A2.2	Lesson 8	der Treffpunkt
A2.2	Lesson 8	das Rathaus
A2.2	Lesson 8	die Teilnahme
A2.2	Lesson 8	auf·treten
A2.2	Lesson 8	der Jazz
A2.2	Lesson 8	die Bahn
A2.2	Lesson 8	offen
A2.2	Lesson 8	die Volkshochschule
A2.2	Lesson 8	die Fotografie
A2.2	Lesson 8	erforderlich
A2.2	Lesson 8	der Künstler
A2.2	Lesson 8	die Künstlerin
A2.2	Lesson 8	die CD
A2.2	Lesson 8	der Sender
A2.2	Lesson 8	die Eintrittskarte
A2.2	Lesson 8	wochentags
A2.2	Lesson 8	auf sein
A2.2	Lesson 8	die Sprachenschule
A2.2	Lesson 8	eine Wanderung machen
A2.2	Lesson 8	in die Oper gehen
A2.2	Lesson 8	auf ein Jazzkonzert gehen
A2.2	Lesson 9	ein·richten
A2.2	Lesson 9	beraten
A2.2	Lesson 9	das Poster
A2.2	Lesson 9	scheußlich
A2.2	Lesson 9	gucken
A2.2	Lesson 9	schauen
A2.2	Lesson 9	der Bikini
A2.2	Lesson 9	die Kamera
A2.2	Lesson 9	die Brieftasche
A2.2	Lesson 9	das Feuerzeug
A2.2	Lesson 9	hübsch
A2.2	Lesson 9	die Platte
A2.2	Lesson 9	der Anrufbeantworter
A2.2	Lesson 9	das Telefonbuch
A2.2	Lesson 9	automatisch
A2.2	Lesson 9	die Klingel
A2.2	Lesson 9	die Höhe
A2.2	Lesson 9	der Zustand
A2.2	Lesson 9	die Qualität
A2.2	Lesson 9	das Besteck
A2.2	Lesson 9	das Metall
A2.2	Lesson 9	der Stoff
A2.2	Lesson 9	das Holz
A2.2	Lesson 9	das Plastik
A2.2	Lesson 9	die Lampe
A2.2	Lesson 9	das Glas
A2.2	Lesson 9	das Papier
A2.2	Lesson 9	der Rucksack
A2.2	Lesson 9	der Hut
A2.2	Lesson 9	die Liebe
A2.2	Lesson 9	der Roman
A2.2	Lesson 9	spannend
A2.2	Lesson 9	als
A2.2	Lesson 9	der Pudding
A2.2	Lesson 9	das Schaufenster
A2.2	Lesson 9	vor·schlagen
A2.2	Lesson 9	entfernt
A2.2	Lesson 9	die Statistik
A2.2	Lesson 9	die Versicherung
A2.2	Lesson 9	das Nahrungsmittel
A2.2	Lesson 9	das Gas
A2.2	Lesson 9	der Kredit
A2.2	Lesson 9	auf·nehmen
A2.2	Lesson 9	manch-
A2.2	Lesson 9	die Erinnerung
A2.2	Lesson 9	der Gedanke
A2.2	Lesson 9	wertvoll
A2.2	Lesson 9	damals
A2.2	Lesson 9	deshalb
A2.2	Lesson 9	froh
A2.2	Lesson 9	drin
A2.2	Lesson 9	die Schüssel
A2.2	Lesson 10	der Briefumschlag
A2.2	Lesson 10	die Postkarte
A2.2	Lesson 10	die Schere
A2.2	Lesson 10	verschicken
A2.2	Lesson 10	das Handy
A2.2	Lesson 10	ordentlich
A2.2	Lesson 10	die Sendung
A2.2	Lesson 10	die Sorge
A2.2	Lesson 10	frieren
A2.2	Lesson 10	kaputt·gehen
A2.2	Lesson 10	die Eisenbahn
A2.2	Lesson 10	das Blatt
A2.2	Lesson 10	der Bär
A2.2	Lesson 10	die Münze
A2.2	Lesson 10	die Ente
A2.2	Lesson 10	das Souvenir
A2.2	Lesson 10	der Vogel
A2.2	Lesson 10	un-
A2.2	Lesson 10	der Punkt
A2.2	Lesson 10	der Elefant
A2.2	Lesson 10	die Rose
A2.2	Lesson 10	der Stern
A2.2	Lesson 10	der Himmel
A2.2	Lesson 10	orange
A2.2	Lesson 10	transportieren
A2.2	Lesson 10	hart
A2.2	Lesson 10	wiegen
A2.2	Lesson 10	die Ernte
A2.2	Lesson 10	reif
A2.2	Lesson 10	weich
A2.2	Lesson 10	die Fantasie
A2.2	Lesson 10	Was für ein-
A2.2	Lesson 10	das Konsulat
A2.2	Lesson 10	das Visum
A2.2	Lesson 10	die Grippe
A2.2	Lesson 10	die Impfung
A2.2	Lesson 10	übermorgen
A2.2	Lesson 10	untersuchen
A2.2	Lesson 10	impfen
A2.2	Lesson 10	hoffen
A2.2	Lesson 10	versprechen
A2.2	Lesson 10	vor·kommen
A2.2	Lesson 10	das Netzwerk
A2.2	Lesson 10	die E-Mail
A2.2	Lesson 10	testen
A2.2	Lesson 10	das Wissen
A2.2	Lesson 10	das Quiz
A2.2	Lesson 10	das Mobiltelefon
A2.2	Lesson 10	die Mail
A2.2	Lesson 10	weltweit
A2.2	Lesson 10	das Ereignis
A2.2	Lesson 10	die Störung
A2.2	Lesson 10	beenden
A2.2	Lesson 10	anstrengend
A2.2	Lesson 10	der Reporter
A2.2	Lesson 10	die Reporterin
A2.2	Lesson 10	neugierig
A2.2	Lesson 10	der Chat
A2.2	Lesson 11	der Zoo
A2.2	Lesson 11	an·schauen
A2.2	Lesson 11	weg·fahren
A2.2	Lesson 11	springen
A2.2	Lesson 11	tanken
A2.2	Lesson 11	vorbei ... an
A2.2	Lesson 11	entlang
A2.2	Lesson 11	gegenüber
A2.2	Lesson 11	die Richtung
A2.2	Lesson 11	der Fluss
A2.2	Lesson 11	die Kreuzung
A2.2	Lesson 11	die Autobahn
A2.2	Lesson 11	ab·biegen
A2.2	Lesson 11	die Ausfahrt
A2.2	Lesson 11	der Stau
A2.2	Lesson 11	der Bürgersteig
A2.2	Lesson 11	stürzen
A2.2	Lesson 11	der Radfahrer
A2.2	Lesson 11	das Knie
A2.2	Lesson 11	das Pflaster
A2.2	Lesson 11	das Rad
A2.2	Lesson 11	der Liebling
A2.2	Lesson 11	stehen bleiben
A2.2	Lesson 11	das Benzin
A2.2	Lesson 11	die Batterie
A2.2	Lesson 11	rechtzeitig
A2.2	Lesson 11	die Baustelle
A2.2	Lesson 11	die Spur
A2.2	Lesson 11	überholen
A2.2	Lesson 11	die Fahrbahn
A2.2	Lesson 11	vorsichtig
A2.2	Lesson 11	wegen
A2.2	Lesson 11	der Nebel
A2.2	Lesson 11	der Sturm
A2.2	Lesson 11	das Gewitter
A2.2	Lesson 11	neblig
A2.2	Lesson 11	das Chaos
A2.2	Lesson 11	komplett
A2.2	Lesson 11	stundenlang
A2.2	Lesson 11	der Wagen
A2.2	Lesson 11	die Region
A2.2	Lesson 11	die Hitze
A2.2	Lesson 11	das Teil
A2.2	Lesson 11	kräftig
A2.2	Lesson 11	die Gefahr
A2.2	Lesson 11	der Bürger
A2.2	Lesson 11	die Bürgerin
A2.2	Lesson 11	die Aussicht
A2.2	Lesson 11	sommerlich
A2.2	Lesson 11	dicht
A2.2	Lesson 11	verhindern
A2.2	Lesson 11	der Start
A2.2	Lesson 11	die Landung
A2.2	Lesson 11	starten
A2.2	Lesson 11	landen
A2.2	Lesson 11	voraussichtlich
A2.2	Lesson 11	der Abflug
A2.2	Lesson 11	das Verständnis
A2.2	Lesson 11	gefährlich
A2.2	Lesson 11	das Moped
A2.2	Lesson 11	das Verkehrsmittel
A2.2	Lesson 11	hupen
A2.2	Lesson 11	bremsen
A2.2	Lesson 11	der Fußgänger
A2.2	Lesson 11	die Fußgängerin
A2.2	Lesson 11	auf·fallen
A2.2	Lesson 11	der Strafzettel
A2.2	Lesson 11	die Strafe
A2.2	Lesson 11	niedrig
A2.2	Lesson 11	furchtbar
A2.2	Lesson 11	öffentlich
A2.2	Lesson 11	der Fahrer
A2.2	Lesson 11	die Fahrerin
A2.2	Lesson 11	reden
A2.2	Lesson 11	der Unterschied
A2.2	Lesson 11	beachten
A2.2	Lesson 11	das Tempo
A2.2	Lesson 12	die Ostsee (Sg.)
A2.2	Lesson 12	begeistert
A2.2	Lesson 12	die Unterkunft
A2.2	Lesson 12	die Küste
A2.2	Lesson 12	die Aktivität
A2.2	Lesson 12	das Gebirge
A2.2	Lesson 12	Luxemburg
A2.2	Lesson 12	baden
A2.2	Lesson 12	der Sand (Sg.)
A2.2	Lesson 12	kühl
A2.2	Lesson 12	die Kuh
A2.2	Lesson 12	das Pferd
A2.2	Lesson 12	das Schaf
A2.2	Lesson 12	umsonst
A2.2	Lesson 12	das Boot
A2.2	Lesson 12	das Festival
A2.2	Lesson 12	trocken
A2.2	Lesson 12	die Pension
A2.2	Lesson 12	das Camping
A2.2	Lesson 12	das Tal
A2.2	Lesson 12	die Wiese
A2.2	Lesson 12	romantisch
A2.2	Lesson 12	das Schloss
A2.2	Lesson 12	zahlreich
A2.2	Lesson 12	die Übernachtung
A2.2	Lesson 12	die Jugendherberge
A2.2	Lesson 12	der Aufenthalt
A2.2	Lesson 12	das Reisebüro
A2.2	Lesson 12	der Spezialist
A2.2	Lesson 12	die Verbindung
A2.2	Lesson 12	natürlich
A2.2	Lesson 12	die Ausstellung
A2.2	Lesson 12	nirgends
A2.2	Lesson 12	einpacken
A2.2	Lesson 12	einigen
A2.2	Lesson 12	übernachten
A2.2	Lesson 12	dagegen sein
A2.2	Lesson 12	dafür sein
A2.2	Lesson 12	ablehnen
A2.2	Lesson 12	faulenzen
A2.2	Lesson 12	das Reiseziel
A2.2	Lesson 12	eine Ausstellung ansehen
A2.2	Lesson 12	eine Reise buchen
A2.2	Lesson 12	eine Stadtführung machen
A2.2	Lesson 12	die Spezialistin
A2.2	Lesson 12	die Altstadt besichtigen
A2.2	Lesson 12	die Auskunft
A2.2	Lesson 13	der Betrag
A2.2	Lesson 13	das Girokonto
A2.2	Lesson 13	beantworten
A2.2	Lesson 13	besorgen
A2.2	Lesson 13	verschieben
A2.2	Lesson 13	abheben
A2.2	Lesson 13	der Geldautomat
A2.2	Lesson 13	kriegen
A2.2	Lesson 13	die EC-Karte
A2.2	Lesson 13	ob
A2.2	Lesson 13	der Zoll
A2.2	Lesson 13	der Staat
A2.2	Lesson 13	bar
A2.2	Lesson 13	sondern
A2.2	Lesson 13	die Zinsen (Pl.)
A2.2	Lesson 13	das Bargeld
A2.2	Lesson 13	das Taschengeld
A2.2	Lesson 13	erledigen
A2.2	Lesson 13	monatlich
A2.2	Lesson 13	die Summe
A2.2	Lesson 13	die Kraft
A2.2	Lesson 13	der Trainer
A2.2	Lesson 13	kontrollieren
A2.2	Lesson 13	erstellen
A2.2	Lesson 13	regelmäßig
A2.2	Lesson 13	die Kontrolle
A2.2	Lesson 13	überprüfen
A2.2	Lesson 13	der Fortschritt
A2.2	Lesson 13	erreichen
A2.2	Lesson 13	renovieren
A2.2	Lesson 13	schneiden
A2.2	Lesson 13	die Bremse
A2.2	Lesson 13	die Kosten (Pl.)
A2.2	Lesson 13	der Artikel
A2.2	Lesson 13	mitten
A2.2	Lesson 13	arm
A2.2	Lesson 13	übrig
A2.2	Lesson 13	inzwischen
A2.2	Lesson 13	entsorgen
A2.2	Lesson 13	tauschen
A2.2	Lesson 13	kritisch
A2.2	Lesson 13	versichern
A2.2	Lesson 13	das Menü
A2.2	Lesson 13	überweisen
A2.2	Lesson 13	der Ober
A2.2	Lesson 13	böse
A2.2	Lesson 13	das Gehalt
A2.2	Lesson 13	die Erhöhung
A2.2	Lesson 13	ungewöhnlich
A2.2	Lesson 13	der Kontoauszug
A2.2	Lesson 14	zurückgehen
A2.2	Lesson 14	kaum
A2.2	Lesson 14	der Motor
A2.2	Lesson 14	sterben
A2.2	Lesson 14	stark
A2.2	Lesson 14	zusammenleben
A2.2	Lesson 14	zuletzt
A2.2	Lesson 14	versorgen
A2.2	Lesson 14	tot
A2.2	Lesson 14	die Kindheit
A2.2	Lesson 14	die Zukunft
A2.2	Lesson 14	nebenan
A2.2	Lesson 14	derselbe
A2.2	Lesson 14	dieselbe
A2.2	Lesson 14	dasselbe
A2.2	Lesson 14	sich verlieben
A2.2	Lesson 14	der Quatsch
A2.2	Lesson 14	zufällig
A2.2	Lesson 14	das Lokal
A2.2	Lesson 14	seitdem
A2.2	Lesson 14	einzig-
A2.2	Lesson 14	das Gegenteil
A2.2	Lesson 14	das Paar
A2.2	Lesson 14	der Streit
A2.2	Lesson 14	die Entscheidung
A2.2	Lesson 14	die Umfrage
A2.2	Lesson 14	die Welt
A2.2	Lesson 14	die Erziehung
A2.2	Lesson 14	der Ratschlag
A2.2	Lesson 14	die Maus
A2.2	Lesson 14	eher
A2.2	Lesson 14	populär
A2.2	Lesson 14	der Raucher
A2.2	Lesson 14	die Raucherin
A2.2	Lesson 14	das Märchen
A2.2	Lesson 14	dankbar
A2.2	Lesson 14	ansprechen
A2.2	Lesson 14	danken
A2.2	Lesson 14	der Einfall
A2.2	Lesson 14	angenehm
A2.2	Lesson 14	unangenehm
A2.2	Lesson 14	reisen
A2.2	Lesson 14	das Haustier
A2.2	Lesson 14	ernst
A2.2	Lesson 14	bequem
B1.1	Lesson 1	das Erlebnis
B1.1	Lesson 1	die Überraschung
B1.1	Lesson 1	verrückt
B1.1	Lesson 1	der Gewinn
B1.1	Lesson 1	die Steuer
B1.1	Lesson 1	viel
B1.1	Lesson 1	sich setzen
B1.1	Lesson 1	mutig
B1.1	Lesson 1	weg sein
B1.1	Lesson 1	die Religion
B1.1	Lesson 1	die Meldung
B1.1	Lesson 1	das Interview
B1.1	Lesson 1	die Überschrift
B1.1	Lesson 1	die Information
B1.1	Lesson 1	der Artikel
B1.1	Lesson 1	die Anzeige
B1.1	Lesson 1	während
B1.1	Lesson 1	verschwinden
B1.1	Lesson 1	der Rentner
B1.1	Lesson 1	die Rentnerin
B1.1	Lesson 1	mehrer-
B1.1	Lesson 1	vergeblich
B1.1	Lesson 1	steigen in
B1.1	Lesson 1	sich wundern
B1.1	Lesson 1	zwar
B1.1	Lesson 1	der Mut
B1.1	Lesson 1	beid-
B1.1	Lesson 1	tief
B1.1	Lesson 1	verwechseln
B1.1	Lesson 1	einig-
B1.1	Lesson 1	sich befinden
B1.1	Lesson 1	nachdenken
B1.1	Lesson 1	die Angabe
B1.1	Lesson 1	das Mittelmeer
B1.1	Lesson 1	retten
B1.1	Lesson 1	ausreichen
B1.1	Lesson 1	folgen
B1.1	Lesson 1	zumindest
B1.1	Lesson 1	sozial
B1.1	Lesson 1	dabei
B1.1	Lesson 1	rufen
B1.1	Lesson 1	absperren
B1.1	Lesson 1	festnehmen
B1.1	Lesson 1	betrunken
B1.1	Lesson 1	der Einbrecher
B1.1	Lesson 1	die Einbrecherin
B1.1	Lesson 1	der Brief
B1.1	Lesson 1	aufregend
B1.1	Lesson 1	witzig
B1.1	Lesson 1	der Motorroller
B1.1	Lesson 1	verliebt sein
B1.1	Lesson 1	brechen
B1.1	Lesson 1	das Feld
B1.1	Lesson 1	aller-
B1.1	Lesson 1	das Tor
B1.1	Lesson 1	schießen
B1.1	Lesson 1	das Leben
B1.1	Lesson 1	best-
B1.1	Lesson 1	das Standesamt
B1.1	Lesson 1	der Bedarf
B1.1	Lesson 1	die Vermittlung
B1.1	Lesson 1	in Rente gehen
B1.1	Lesson 1	deutlich
B1.1	Lesson 1	das Verhältnis
B1.1	Lesson 1	die Metropole
B1.1	Lesson 1	unterstützen
B1.1	Lesson 1	unbekannt
B1.1	Lesson 1	der Bericht
B1.1	Lesson 1	die Mitternacht
B1.1	Lesson 1	der Stein
B1.1	Lesson 1	der Löwe
B1.1	Lesson 2	die Serie
B1.1	Lesson 2	die Folge
B1.1	Lesson 2	das Kino
B1.1	Lesson 2	der Charakter
B1.1	Lesson 2	obwohl
B1.1	Lesson 2	dauernd
B1.1	Lesson 2	der Verlierer
B1.1	Lesson 2	der Typ
B1.1	Lesson 2	optimistisch
B1.1	Lesson 2	die Figur
B1.1	Lesson 2	unglaublich
B1.1	Lesson 2	erfinden
B1.1	Lesson 2	die Operation
B1.1	Lesson 2	das Blut
B1.1	Lesson 2	Kriminal-
B1.1	Lesson 2	veröffentlichen
B1.1	Lesson 2	der Fall
B1.1	Lesson 2	der Titel
B1.1	Lesson 2	die Vergangenheit
B1.1	Lesson 2	heutig-
B1.1	Lesson 2	handeln
B1.1	Lesson 2	der Musiker
B1.1	Lesson 2	die Musikerin
B1.1	Lesson 2	der Sänger
B1.1	Lesson 2	die Sängerin
B1.1	Lesson 2	die Band
B1.1	Lesson 2	entstehen
B1.1	Lesson 2	elektronisch
B1.1	Lesson 2	die Großstadt
B1.1	Lesson 2	produzieren
B1.1	Lesson 2	anfangs
B1.1	Lesson 2	sich ändern
B1.1	Lesson 2	fantastisch
B1.1	Lesson 2	der Song
B1.1	Lesson 2	der Hit
B1.1	Lesson 2	völlig
B1.1	Lesson 2	der Humor
B1.1	Lesson 2	alltäglich
B1.1	Lesson 2	die Gewalt
B1.1	Lesson 2	dafür
B1.1	Lesson 2	kritisieren
B1.1	Lesson 2	der Star
B1.1	Lesson 2	die Szene
B1.1	Lesson 2	erfolgreich
B1.1	Lesson 2	die Arbeitslosigkeit
B1.1	Lesson 2	der Migrant
B1.1	Lesson 2	die Migrantin
B1.1	Lesson 2	gelingen
B1.1	Lesson 2	die Person
B1.1	Lesson 2	der Rat
B1.1	Lesson 2	der Gegenstand
B1.1	Lesson 2	die Aufgabe
B1.1	Lesson 2	verlassen
B1.1	Lesson 2	begleiten
B1.1	Lesson 2	die Kiste
B1.1	Lesson 2	das Ufer
B1.1	Lesson 2	außen
B1.1	Lesson 2	innen
B1.1	Lesson 2	begegnen
B1.1	Lesson 2	das Abenteuer
B1.1	Lesson 2	sich erfüllen
B1.1	Lesson 2	zustimmen
B1.1	Lesson 2	die Medien (Pl.)
B1.1	Lesson 2	knapp
B1.1	Lesson 2	der Rundfunk
B1.1	Lesson 2	relativ
B1.1	Lesson 3	der Magen
B1.1	Lesson 3	meinen
B1.1	Lesson 3	überreden
B1.1	Lesson 3	das Mittel
B1.1	Lesson 3	der Schlaf
B1.1	Lesson 3	der Faktor
B1.1	Lesson 3	die Grundlage
B1.1	Lesson 3	ausreichend
B1.1	Lesson 3	achten auf
B1.1	Lesson 3	das Fett
B1.1	Lesson 3	ideal
B1.1	Lesson 3	ebenfalls
B1.1	Lesson 3	atmen
B1.1	Lesson 3	flach
B1.1	Lesson 3	die Wirkung
B1.1	Lesson 3	gleichzeitig
B1.1	Lesson 3	umgehen
B1.1	Lesson 3	aufwachen
B1.1	Lesson 3	der Mangel
B1.1	Lesson 3	tagsüber
B1.1	Lesson 3	extrem
B1.1	Lesson 3	die Wunde
B1.1	Lesson 3	der Verband
B1.1	Lesson 3	das Pflaster
B1.1	Lesson 3	das Insekt
B1.1	Lesson 3	behandeln
B1.1	Lesson 3	der Abfalleimer
B1.1	Lesson 3	zu viel
B1.1	Lesson 3	die Verbesserung
B1.1	Lesson 3	sich erhöhen
B1.1	Lesson 3	die Einnahme
B1.1	Lesson 3	das Medikament
B1.1	Lesson 3	die Fachfrau
B1.1	Lesson 3	der Fachmann
B1.1	Lesson 3	drücken
B1.1	Lesson 3	recht-
B1.1	Lesson 3	link-
B1.1	Lesson 3	die Schulter
B1.1	Lesson 3	die Sprechstunde
B1.1	Lesson 3	vermuten
B1.1	Lesson 3	das Schmerzmittel
B1.1	Lesson 3	führen
B1.1	Lesson 3	die Salbe
B1.1	Lesson 3	der Schnupfen
B1.1	Lesson 3	das Fieber
B1.1	Lesson 3	der Husten
B1.1	Lesson 3	der Schmerz
B1.1	Lesson 3	verschreiben
B1.1	Lesson 3	erhalten
B1.1	Lesson 3	die Realität
B1.1	Lesson 3	stressig
B1.1	Lesson 3	greifen
B1.1	Lesson 3	schieben
B1.1	Lesson 3	der Backofen
B1.1	Lesson 3	schwach
B1.1	Lesson 3	abnehmen
B1.1	Lesson 3	integrieren
B1.1	Lesson 3	treiben
B1.1	Lesson 3	die Hälfte
B1.1	Lesson 3	das Viertel
B1.1	Lesson 3	das Drittel
B1.1	Lesson 3	grundsätzlich
B1.1	Lesson 3	die Frucht
B1.1	Lesson 3	der Quark
B1.1	Lesson 3	das Vitamin
B1.1	Lesson 3	der Unsinn
B1.1	Lesson 3	das Gewicht
B1.1	Lesson 3	verbrauchen
B1.1	Lesson 3	untersuchen
B1.1	Lesson 3	impfen
B1.1	Lesson 4	worüber
B1.1	Lesson 4	die Eile
B1.1	Lesson 4	der Keller
B1.1	Lesson 4	der Satz
B1.1	Lesson 4	da(r)-
B1.1	Lesson 4	gar
B1.1	Lesson 4	jedenfalls
B1.1	Lesson 4	lächeln
B1.1	Lesson 4	halt
B1.1	Lesson 4	etwas
B1.1	Lesson 4	so viel
B1.1	Lesson 4	vorhaben
B1.1	Lesson 4	sich bedanken
B1.1	Lesson 4	die Wahrheit
B1.1	Lesson 4	lügen
B1.1	Lesson 4	der Präsident
B1.1	Lesson 4	die Präsidentin
B1.1	Lesson 4	das Portemonnaie
B1.1	Lesson 4	fließend
B1.1	Lesson 4	die Fremdsprache
B1.1	Lesson 4	die Sprachenschule
B1.1	Lesson 4	darum
B1.1	Lesson 4	übersetzen
B1.1	Lesson 4	die Muttersprache
B1.1	Lesson 4	irgendwann
B1.1	Lesson 4	daher
B1.1	Lesson 4	deswegen
B1.1	Lesson 4	wieso
B1.1	Lesson 4	der Ausdruck
B1.1	Lesson 4	noch mal
B1.1	Lesson 4	die Wiederholung
B1.1	Lesson 4	jahrelang
B1.1	Lesson 4	sich anstrengen
B1.1	Lesson 4	die Aussprache
B1.1	Lesson 4	der Spiegel
B1.1	Lesson 4	die Trennung
B1.1	Lesson 4	ausschließlich
B1.1	Lesson 4	der Autor
B1.1	Lesson 4	die Autorin
B1.1	Lesson 4	erziehen
B1.1	Lesson 4	unterscheiden
B1.1	Lesson 4	der Dialekt
B1.1	Lesson 4	vergleichen
B1.1	Lesson 4	stammen
B1.1	Lesson 4	die Schrift
B1.1	Lesson 4	die Kenntnisse (Pl.)
B1.1	Lesson 5	der Ausbildungsplatz
B1.1	Lesson 5	zu
B1.1	Lesson 5	Video-
B1.1	Lesson 5	das Talent
B1.1	Lesson 5	etwa
B1.1	Lesson 5	genügen
B1.1	Lesson 5	der Bau
B1.1	Lesson 5	die Forschung
B1.1	Lesson 5	befristet
B1.1	Lesson 5	die Unterstützung
B1.1	Lesson 5	der Haushalt
B1.1	Lesson 5	der Vorteil
B1.1	Lesson 5	die Aushilfe
B1.1	Lesson 5	feststellen
B1.1	Lesson 5	die Verantwortung
B1.1	Lesson 5	das Projekt
B1.1	Lesson 5	gewohnt
B1.1	Lesson 5	einstellen
B1.1	Lesson 5	üblich
B1.1	Lesson 5	die Anlage
B1.1	Lesson 5	der Lebenslauf
B1.1	Lesson 5	herstellen
B1.1	Lesson 5	entwickeln
B1.1	Lesson 5	die Tätigkeit
B1.1	Lesson 5	gleich-
B1.1	Lesson 5	außerhalb
B1.1	Lesson 5	innerhalb
B1.1	Lesson 5	spätestens
B1.1	Lesson 5	die Vorbereitung
B1.1	Lesson 5	die Sicherheit
B1.1	Lesson 5	der Zeitpunkt
B1.1	Lesson 5	rechnen
B1.1	Lesson 5	sich beruhigen
B1.1	Lesson 5	technisch
B1.1	Lesson 5	herein-, rein-
B1.1	Lesson 5	zuständig
B1.1	Lesson 5	sich melden
B1.1	Lesson 5	zunächst
B1.1	Lesson 5	der Dienst
B1.1	Lesson 5	die Webseite
B1.1	Lesson 5	der Wissenschaftler
B1.1	Lesson 5	die Wissenschaftlerin
B1.1	Lesson 5	quer
B1.1	Lesson 5	nützlich
B1.1	Lesson 5	die Reihe
B1.1	Lesson 5	sich verändern
B1.1	Lesson 5	sich eignen
B1.1	Lesson 5	aufmerksam
B1.1	Lesson 5	die Runde
B1.1	Lesson 5	die Methode
B1.1	Lesson 5	sich überlegen
B1.1	Lesson 5	anwenden
B1.1	Lesson 5	sinnvoll
B1.1	Lesson 5	die Wanderung
B1.1	Lesson 5	der Hausmeister
B1.1	Lesson 5	der Lehrer
B1.1	Lesson 5	der Arzt
B1.1	Lesson 5	die Lehrerin
B1.1	Lesson 5	die Ärztin
B1.1	Lesson 5	die Hausmeisterin
B1.1	Lesson 5	der Architekt
B1.1	Lesson 5	der Friseur
B1.1	Lesson 5	der Journalist
B1.1	Lesson 5	die Architektin
B1.1	Lesson 5	die Friseurin
B1.1	Lesson 5	die Journalistin
B1.1	Lesson 5	der Krankenpfleger
B1.1	Lesson 5	der Polizist
B1.1	Lesson 5	die Polizistin
B1.1	Lesson 5	die Krankenschwester
B1.1	Lesson 5	der Verkäufer
B1.1	Lesson 5	die Verkäuferin
B1.1	Lesson 6	statt
B1.1	Lesson 6	erst-
B1.1	Lesson 6	bestimmt
B1.1	Lesson 6	das Geheimnis
B1.1	Lesson 6	die Änderung
B1.1	Lesson 6	damit
B1.1	Lesson 6	der Sinn
B1.1	Lesson 6	das Risiko
B1.1	Lesson 6	schade
B1.1	Lesson 6	sich lohnen
B1.1	Lesson 6	besitzen
B1.1	Lesson 6	geboren werden
B1.1	Lesson 6	sich entschließen
B1.1	Lesson 6	ängstlich
B1.1	Lesson 6	deprimiert
B1.1	Lesson 6	das Heimweh
B1.1	Lesson 6	der Wettbewerb
B1.1	Lesson 6	das Sandwich
B1.1	Lesson 6	das Gewürz
B1.1	Lesson 6	mittlerweile
B1.1	Lesson 6	stolz
B1.1	Lesson 6	das Getreide
B1.1	Lesson 6	der Zweifel
B1.1	Lesson 6	spüren
B1.1	Lesson 6	finanziell
B1.1	Lesson 6	eng
B1.1	Lesson 6	unterrichten
B1.1	Lesson 6	momentan
B1.1	Lesson 6	kürzlich
B1.1	Lesson 6	sparsam
B1.1	Lesson 6	gründen
B1.1	Lesson 6	das Studio
B1.1	Lesson 6	um ... zu
B1.1	Lesson 6	möglichst
B1.1	Lesson 6	die Rede
B1.1	Lesson 6	der Kompromiss
B1.1	Lesson 6	kündigen
B1.1	Lesson 6	wiederkommen
B1.1	Lesson 6	die Mühe
B1.1	Lesson 6	die Zahncreme
B1.1	Lesson 6	die Bürste
B1.1	Lesson 6	begrüßen
B1.1	Lesson 6	sich verabschieden
B1.1	Lesson 6	ärgerlich
B1.1	Lesson 6	bestätigen
B1.1	Lesson 6	allerdings
B1.1	Lesson 6	bereits
B1.1	Lesson 6	jedoch
B1.1	Lesson 6	fordern
B1.1	Lesson 6	enttäuschen
B1.1	Lesson 6	auffordern
B1.1	Lesson 6	der Betrieb
B1.1	Lesson 6	der Handel
B1.1	Lesson 6	die Firma
B1.1	Lesson 6	die Produktion
B1.1	Lesson 6	überzeugen
B1.1	Lesson 7	vermutlich
B1.1	Lesson 7	das Gericht
B1.1	Lesson 7	der Prozess
B1.1	Lesson 7	brennen
B1.1	Lesson 7	der Lärm
B1.1	Lesson 7	der Rechtsanwalt
B1.1	Lesson 7	die Rechtsanwältin
B1.1	Lesson 7	das Grundstück
B1.1	Lesson 7	der Keller
B1.1	Lesson 7	die Treppe
B1.1	Lesson 7	der Lift
B1.1	Lesson 7	die Terrasse
B1.1	Lesson 7	der Balkon
B1.1	Lesson 7	der Garten
B1.1	Lesson 7	verdächtigen
B1.1	Lesson 7	die Wirklichkeit
B1.1	Lesson 7	der Rasen
B1.1	Lesson 7	aktuell
B1.1	Lesson 7	das Bundesland
B1.1	Lesson 7	der Anwalt
B1.1	Lesson 7	die Anwältin
B1.1	Lesson 7	entweder ... oder
B1.1	Lesson 7	zentral
B1.1	Lesson 7	die Pflicht
B1.1	Lesson 7	das Eigentum
B1.1	Lesson 7	hinterlassen
B1.1	Lesson 7	die Erlaubnis
B1.1	Lesson 7	besprechen
B1.1	Lesson 7	miteinander
B1.1	Lesson 7	die Kneipe
B1.1	Lesson 7	das Verbot
B1.1	Lesson 7	das Recht
B1.1	Lesson 7	bloß
B1.1	Lesson 7	hierher
B1.1	Lesson 7	der Vermieter
B1.1	Lesson 7	die Vermieterin
B1.1	Lesson 7	tatsächlich
B1.1	Lesson 7	behaupten
B1.1	Lesson 7	die Frechheit
B1.1	Lesson 7	meinetwegen
B1.1	Lesson 7	wesentlich
B1.1	Lesson 7	irgend-
B1.1	Lesson 7	der Link
B1.1	Lesson 7	die Alternative
B1.1	Lesson 7	fehlen
B1.1	Lesson 7	die Beziehung
B1.1	Lesson 7	mitgehen
B1.1	Lesson 7	weg
B1.1	Lesson 7	voneinander
B1.1	Lesson 7	meist-
B1.1	Lesson 7	trotz
B1.1	Lesson 7	verständlich
B1.1	Lesson 7	das Wiedersehen
B1.1	Lesson 7	die Distanz
B1.1	Lesson 7	die Schwierigkeit
B1.1	Lesson 7	abhängen
B1.1	Lesson 7	der Nachteil
B1.1	Lesson 7	erfordern
B1.1	Lesson 7	Griechenland
B1.1	Lesson 7	neulich
B1.1	Lesson 7	das Zuhause
B1.1	Lesson 7	umso
B1.1	Lesson 7	die Planung
B1.1	Lesson 7	die Seite
B1.1	Lesson 7	sich gewöhnen
B1.1	Lesson 7	gemütlich
B1.1	Lesson 7	verteilen
B1.1	Lesson 7	das Dach
B1.1	Lesson 7	die Tür
B1.1	Lesson 7	das Haus
B1.1	Lesson 7	das Fenster
B1.2	Lesson 8	der Sportler
B1.2	Lesson 8	die Sportlerin
B1.2	Lesson 8	falls
B1.2	Lesson 8	der Chat
B1.2	Lesson 8	sich wenden
B1.2	Lesson 8	die Grenze
B1.2	Lesson 8	plötzlich
B1.2	Lesson 8	eventuell
B1.2	Lesson 8	die Konsequenz
B1.2	Lesson 8	wirken
B1.2	Lesson 8	zusagen
B1.2	Lesson 8	nachher
B1.2	Lesson 8	bzw. (beziehungsweise)
B1.2	Lesson 8	der Auftrag
B1.2	Lesson 8	der Kuli
B1.2	Lesson 8	morgig-
B1.2	Lesson 8	worum
B1.2	Lesson 8	je
B1.2	Lesson 8	desto
B1.2	Lesson 8	je … desto
B1.2	Lesson 8	die Freundschaft
B1.2	Lesson 8	die Karriere
B1.2	Lesson 8	der Einfluss
B1.2	Lesson 8	warnen
B1.2	Lesson 8	der Arbeitsplatz
B1.2	Lesson 8	die Studie
B1.2	Lesson 8	die Atmosphäre
B1.2	Lesson 8	die Zusammenarbeit
B1.2	Lesson 8	beeinflussen
B1.2	Lesson 8	sich krankmelden
B1.2	Lesson 8	monatelang
B1.2	Lesson 8	das Gedicht
B1.2	Lesson 8	treu
B1.2	Lesson 8	das Orchester
B1.2	Lesson 8	duzen
B1.2	Lesson 8	der Elternabend
B1.2	Lesson 8	recht
B1.2	Lesson 8	die Werbung
B1.2	Lesson 8	der Vergleich
B1.2	Lesson 8	die Gemeinschaft
B1.2	Lesson 8	außer
B1.2	Lesson 8	das Betriebsklima
B1.2	Lesson 8	siezen
B1.2	Lesson 8	die Arbeitsatmosphäre
B1.2	Lesson 8	die Distanz
B1.2	Lesson 9	virtuell
B1.2	Lesson 9	der Computer
B1.2	Lesson 9	die Festplatte
B1.2	Lesson 9	der Ordner
B1.2	Lesson 9	die Datei
B1.2	Lesson 9	die Kopie
B1.2	Lesson 9	das/der Virus
B1.2	Lesson 9	erstellen
B1.2	Lesson 9	der Monitor
B1.2	Lesson 9	(he)runterladen
B1.2	Lesson 9	anschließen
B1.2	Lesson 9	löschen
B1.2	Lesson 9	die Tastatur
B1.2	Lesson 9	anklicken
B1.2	Lesson 9	der Gott
B1.2	Lesson 9	tagelang
B1.2	Lesson 9	bevor
B1.2	Lesson 9	die Erfindung
B1.2	Lesson 9	der Akku
B1.2	Lesson 9	das Smartphone
B1.2	Lesson 9	abwaschen
B1.2	Lesson 9	nachdem
B1.2	Lesson 9	die Mitteilung
B1.2	Lesson 9	der Rechner
B1.2	Lesson 9	installieren
B1.2	Lesson 9	die Taste
B1.2	Lesson 9	unterschreiben
B1.2	Lesson 9	senden
B1.2	Lesson 9	der Transport
B1.2	Lesson 9	als ob
B1.2	Lesson 9	klasse
B1.2	Lesson 9	herrlich
B1.2	Lesson 9	der Manager
B1.2	Lesson 9	die Managerin
B1.2	Lesson 9	der Wohnblock
B1.2	Lesson 9	die Bedienungsanleitung
B1.2	Lesson 9	beschreiben
B1.2	Lesson 9	beschließen
B1.2	Lesson 9	Verzeihung
B1.2	Lesson 9	das Passwort
B1.2	Lesson 9	das Symbol
B1.2	Lesson 9	süchtig
B1.2	Lesson 9	teilweise
B1.2	Lesson 9	vorn
B1.2	Lesson 9	ernsthaft
B1.2	Lesson 9	sämtlich-
B1.2	Lesson 9	sowieso
B1.2	Lesson 9	und so weiter
B1.2	Lesson 9	fort
B1.2	Lesson 9	aufregen
B1.2	Lesson 9	der Eindruck
B1.2	Lesson 9	digital
B1.2	Lesson 9	die Diskussion
B1.2	Lesson 9	diskutieren
B1.2	Lesson 9	der Standpunkt
B1.2	Lesson 10	die Haut
B1.2	Lesson 10	das Gesicht
B1.2	Lesson 10	verbieten
B1.2	Lesson 10	live
B1.2	Lesson 10	sich entschuldigen
B1.2	Lesson 10	der Sieger
B1.2	Lesson 10	die Siegerin
B1.2	Lesson 10	gerecht
B1.2	Lesson 10	ungerecht
B1.2	Lesson 10	vorig-
B1.2	Lesson 10	schalten
B1.2	Lesson 10	sowohl … als auch
B1.2	Lesson 10	weder … noch
B1.2	Lesson 10	die Limonade
B1.2	Lesson 10	die Lieferung
B1.2	Lesson 10	der Fachmann
B1.2	Lesson 10	die Fachfrau
B1.2	Lesson 10	der Mangel
B1.2	Lesson 10	das Zelt
B1.2	Lesson 10	wegwerfen
B1.2	Lesson 10	der Hersteller
B1.2	Lesson 10	die Bedingung
B1.2	Lesson 10	abmachen
B1.2	Lesson 10	streichen
B1.2	Lesson 10	wütend
B1.2	Lesson 10	der Fotoapparat
B1.2	Lesson 10	der Beleg
B1.2	Lesson 10	der Umtausch
B1.2	Lesson 10	benötigen
B1.2	Lesson 10	gratis
B1.2	Lesson 10	die Schlange
B1.2	Lesson 10	das Missgeschick
B1.2	Lesson 10	die Handtasche
B1.2	Lesson 10	sich anstellen
B1.2	Lesson 10	einfallen
B1.2	Lesson 10	schief
B1.2	Lesson 10	das Fahrzeug
B1.2	Lesson 10	ausgezeichnet
B1.2	Lesson 10	korrigieren
B1.2	Lesson 10	wachsen
B1.2	Lesson 10	sich drehen
B1.2	Lesson 10	die Entwicklung
B1.2	Lesson 10	zusammen-
B1.2	Lesson 10	hinterher
B1.2	Lesson 10	abstimmen
B1.2	Lesson 10	einerseits
B1.2	Lesson 10	andererseits
B1.2	Lesson 10	der Verbraucher
B1.2	Lesson 10	die Verbraucherin
B1.2	Lesson 10	die Aprikose
B1.2	Lesson 10	der Kampf
B1.2	Lesson 10	der Griff
B1.2	Lesson 10	weitermachen
B1.2	Lesson 10	vorbei-
B1.2	Lesson 10	der Dieb
B1.2	Lesson 10	die Diebin
B1.2	Lesson 10	entschlossen
B1.2	Lesson 10	schütteln
B1.2	Lesson 10	das Handtuch
B1.2	Lesson 10	aufhalten
B1.2	Lesson 10	schlagen
B1.2	Lesson 10	der Kanal
B1.2	Lesson 10	der Rand
B1.2	Lesson 10	wecken
B1.2	Lesson 10	schweigen
B1.2	Lesson 10	die Beratung
B1.2	Lesson 10	bestellen
B1.2	Lesson 11	der Bauer
B1.2	Lesson 11	betrügen
B1.2	Lesson 11	lügen
B1.2	Lesson 11	illegal
B1.2	Lesson 11	anzeigen
B1.2	Lesson 11	bestrafen
B1.2	Lesson 11	der Kasten
B1.2	Lesson 11	zerstören
B1.2	Lesson 11	das Vertrauen
B1.2	Lesson 11	schreien
B1.2	Lesson 11	stehlen
B1.2	Lesson 11	kaputt machen
B1.2	Lesson 11	weggehen
B1.2	Lesson 11	losfahren
B1.2	Lesson 11	das Gebiet
B1.2	Lesson 11	der Tropfen
B1.2	Lesson 11	behindern
B1.2	Lesson 11	die Aufforderung
B1.2	Lesson 11	die Geschwindigkeitsbeschränkung
B1.2	Lesson 11	endgültig
B1.2	Lesson 11	aufgeben
B1.2	Lesson 11	sich bemühen
B1.2	Lesson 11	die Erkältung
B1.2	Lesson 11	das Instrument
B1.2	Lesson 11	die Flöte
B1.2	Lesson 11	fest
B1.2	Lesson 11	sich vornehmen
B1.2	Lesson 11	bereit
B1.2	Lesson 11	die Rücksicht
B1.2	Lesson 11	die Generation
B1.2	Lesson 11	sich verspäten
B1.2	Lesson 11	mehrere
B1.2	Lesson 11	der ICE
B1.2	Lesson 11	der Speisewagen
B1.2	Lesson 11	minutenlang
B1.2	Lesson 11	sich weigern
B1.2	Lesson 11	zuschauen
B1.2	Lesson 11	unerträglich
B1.2	Lesson 11	die Ausnahme
B1.2	Lesson 11	begründen
B1.2	Lesson 11	absolut
B1.2	Lesson 11	eindeutig
B1.2	Lesson 11	eilig
B1.2	Lesson 11	überqueren
B1.2	Lesson 11	interkulturell
B1.2	Lesson 11	das Missverständnis
B1.2	Lesson 11	kulturell
B1.2	Lesson 11	das Herkunftsland
B1.2	Lesson 11	die Flucht
B1.2	Lesson 11	gewöhnlich
B1.2	Lesson 11	offenbar
B1.2	Lesson 11	beleidigen
B1.2	Lesson 11	missverstehen
B1.2	Lesson 11	der Wert
B1.2	Lesson 11	der Österreicher
B1.2	Lesson 11	die Österreicherin
B1.2	Lesson 11	der Schweizer
B1.2	Lesson 11	die Schweizerin
B1.2	Lesson 11	die Verabredung
B1.2	Lesson 11	herrschen
B1.2	Lesson 11	festlegen
B1.2	Lesson 11	erscheinen
B1.2	Lesson 11	eintragen
B1.2	Lesson 11	verreisen
B1.2	Lesson 11	ähnlich
B1.2	Lesson 11	elegant
B1.2	Lesson 11	sportlich
B1.2	Lesson 11	merkwürdig
B1.2	Lesson 11	umgekehrt
B1.2	Lesson 11	verletzen
B1.2	Lesson 12	die Biene
B1.2	Lesson 12	verantwortlich
B1.2	Lesson 12	einander
B1.2	Lesson 12	die Organisation
B1.2	Lesson 12	prima
B1.2	Lesson 12	der Passagier
B1.2	Lesson 12	voraus-
B1.2	Lesson 12	versäumen
B1.2	Lesson 12	jederzeit
B1.2	Lesson 12	der Rollstuhl
B1.2	Lesson 12	die Fundsache
B1.2	Lesson 12	die Geduld
B1.2	Lesson 12	die Fähre
B1.2	Lesson 12	der Verlust
B1.2	Lesson 12	ausstellen
B1.2	Lesson 12	die Jugend
B1.2	Lesson 12	die Feuerwehr
B1.2	Lesson 12	beinahe
B1.2	Lesson 12	eintreten
B1.2	Lesson 12	jahrzehntelang
B1.2	Lesson 12	solange
B1.2	Lesson 12	betreuen
B1.2	Lesson 12	anerkennen
B1.2	Lesson 12	die Integration
B1.2	Lesson 12	hinweisen
B1.2	Lesson 12	die Bürgerinitiative
B1.2	Lesson 12	das Mitglied
B1.2	Lesson 12	die Betreuung
B1.2	Lesson 12	das Verfallsdatum
B1.2	Lesson 12	die Kälte
B1.2	Lesson 12	ökologisch
B1.2	Lesson 12	das Altenheim
B1.2	Lesson 12	die Einrichtung
B1.2	Lesson 12	die Gesellschaft
B1.2	Lesson 12	unterstützen
B1.2	Lesson 12	egoistisch
B1.2	Lesson 12	sich einsetzen
B1.2	Lesson 12	der Verein
B1.2	Lesson 12	der Umweltschutz
B1.2	Lesson 12	der Friede
B1.2	Lesson 12	fröhlich
B1.2	Lesson 12	tolerant
B1.2	Lesson 12	das Gewissen
B1.2	Lesson 12	vorgestern
B1.2	Lesson 12	die Wolle
B1.2	Lesson 12	die Lüge
B1.2	Lesson 12	dreimal
B1.2	Lesson 12	heimlich
B1.2	Lesson 12	entlassen
B1.2	Lesson 12	sich gefallen lassen
B1.2	Lesson 12	zukünftig
B1.2	Lesson 13	sich weiterbilden
B1.2	Lesson 13	zubereiten
B1.2	Lesson 13	die Reportage
B1.2	Lesson 13	körperlich
B1.2	Lesson 13	der Krieg
B1.2	Lesson 13	die Bombe
B1.2	Lesson 13	töten
B1.2	Lesson 13	feucht
B1.2	Lesson 13	kämpfen
B1.2	Lesson 13	empfangen
B1.2	Lesson 13	fördern
B1.2	Lesson 13	örtlich
B1.2	Lesson 13	der Bürgermeister
B1.2	Lesson 13	die Bürgermeisterin
B1.2	Lesson 13	fliehen
B1.2	Lesson 13	der Migrationshintergrund
B1.2	Lesson 13	die Herkunft
B1.2	Lesson 13	sich leisten
B1.2	Lesson 13	das Gesetz
B1.2	Lesson 13	die Geschwindigkeit
B1.2	Lesson 13	die Ansicht
B1.2	Lesson 13	der Zusammenhang
B1.2	Lesson 13	die Vorschrift
B1.2	Lesson 13	der Gegensatz
B1.2	Lesson 13	die Demonstration
B1.2	Lesson 13	die Gewerkschaft
B1.2	Lesson 13	das Zeichen
B1.2	Lesson 13	politisch
B1.2	Lesson 13	wählen
B1.2	Lesson 13	fair
B1.2	Lesson 13	der Hof
B1.2	Lesson 13	protestieren
B1.2	Lesson 13	die Landwirtschaft
B1.2	Lesson 13	die Versammlung
B1.2	Lesson 13	städtisch
B1.2	Lesson 13	der Streik
B1.2	Lesson 13	die Mauer
B1.2	Lesson 13	der Bundeskanzler
B1.2	Lesson 13	die Bundeskanzlerin
B1.2	Lesson 13	die Regierung
B1.2	Lesson 13	der Präsident
B1.2	Lesson 13	die Macht
B1.2	Lesson 13	die Präsidentin
B1.2	Lesson 13	die Zone
B1.2	Lesson 13	die Freiheit
B1.2	Lesson 13	blühen
B1.2	Lesson 13	folgend
B1.2	Lesson 13	allgemein
B1.2	Lesson 13	national
B1.2	Lesson 14	diesmal
B1.2	Lesson 14	das Rüebli
B1.2	Lesson 14	das Gebäck
B1.2	Lesson 14	die Gelegenheit
B1.2	Lesson 14	speziell
B1.2	Lesson 14	der Knödel
B1.2	Lesson 14	der Topfen
B1.2	Lesson 14	der Erdapfel
B1.2	Lesson 14	braten
B1.2	Lesson 14	rühren
B1.2	Lesson 14	die Tradition
B1.2	Lesson 14	die Gegend
B1.2	Lesson 14	der Geschmack
B1.2	Lesson 14	die Mobilität
B1.2	Lesson 14	die Migration
B1.2	Lesson 14	ursprünglich
B1.2	Lesson 14	das Volk
B1.2	Lesson 14	die Staatsangehörigkeit
B1.2	Lesson 14	der Profi
B1.2	Lesson 14	ebenso
B1.2	Lesson 14	ordnen
B1.2	Lesson 14	die Fläche
B1.2	Lesson 14	der Kontinent
B1.2	Lesson 14	die EU
B1.2	Lesson 14	die Demokratie
B1.2	Lesson 14	das Gewürz
B1.2	Lesson 14	zubereiten
B1.2	Lesson 14	das Rezept
B1.2	Lesson 14	der Nachtisch
B1.2	Lesson 14	die Zutat
B1.2	Lesson 14	kochen
B1.2	Lesson 14	das Gericht
B1.2	Lesson 14	der Kuchen
B1.2	Lesson 14	backen
