id	status	commit	note
11ecce28-97fb-4d13-be73-e39c0cc3b468	done	-	built on or before 2026-10-02
b4a16404-7cb7-4dd4-9035-0aeb35b02bef	done	-	built on or before 2026-10-02
32b3fa2f-b0bb-4753-820f-1c2b878db32d	done	-	built on or before 2026-10-02
f87f3783-094a-483c-8469-cf1cfaf63ed3	done	-	built on or before 2026-10-02
384dde70-f3d0-47fb-a3da-369831f04246	done	-	built on or before 2026-10-02
e0cbfc34-6ad9-4267-b078-e6585c63dbc6	done	-	built on or before 2026-10-02
3cc27923-1610-4ec3-a1a8-bd55c12a6822	done	-	built on or before 2026-10-02
3ad78f0f-135a-4e01-a5dd-e8255915b043	done	-	built on or before 2026-10-02
a400e1b4-d5ba-412c-9396-c3e8b00b5bcb	done	-	built on or before 2026-10-02
3a84a70c-69f2-4b91-843c-65747c43bd0f	done	-	built on or before 2026-10-02
23b63436-34ca-44fc-927c-448711d2a2d7	done	-	built on or before 2026-10-02
5a0c1c2c-d505-47b5-9602-49dc8e91493a	done	-	built on or before 2026-10-02
56ed9131-3efb-4168-b73b-3acc8f31c897	done	-	built on or before 2026-10-02
6ea5fd76-4b8c-4c7e-b172-e61ba43a654c	done	-	built on or before 2026-10-02
d6dca8dd-829e-4d4d-9b2b-accd0bcb2c73	done	-	built on or before 2026-10-02
bfbcd70b-e6ee-4f33-b8fe-b5ce798af2c5	done	-	built on or before 2026-10-02
4df1b36d-a76e-4852-bd7f-3cdaff1032f1	done	-	built on or before 2026-10-02
4773bb2b-d4e9-484b-8c07-7bb60b129e5b	done	-	built on or before 2026-10-02
c131767a-0851-48cf-8af4-6de6121d2a91	done	-	built on or before 2026-10-02
6b4b4ae5-3e47-44c3-8d34-9f70fcbd1a74	done	-	built on or before 2026-10-02
8bb7a659-f5b6-438a-ba07-6c149e144129	done	-	built on or before 2026-10-02
2e01e3a2-bec3-4ddb-aa92-6c57eff2ef0e	done	-	built on or before 2026-10-02
6113ad91-fbe2-4b7f-b894-c471124c1cb9	done	-	built on or before 2026-10-02
1e8c4ea0-f28a-4dc9-b042-6542a448a6bc	done	-	built on or before 2026-10-02
f3c0d102-8739-4bc6-8d0b-64766d8b0c6d	done	-	built on or before 2026-10-02
a540f349-a4e8-4fb9-8f69-376218e5b5de	done	-	built on or before 2026-10-02
f74e5bfa-75f0-4a0d-83ac-27e92c0a8c5f	done	-	built on or before 2026-10-02
777bc36a-1071-493d-8111-78e481c26c4e	done	-	built on or before 2026-10-02
cf8b85a9-7312-474a-b2d4-8f462bf30066	done	-	built on or before 2026-10-02
ae04e8b8-2459-491c-ab02-422a649278e2	done	-	built on or before 2026-10-02
8dde99b8-f7f9-426d-982f-8af39c02482e	done	-	built on or before 2026-10-02
50f23e5b-b8b6-4d9f-9928-1a6f5c74b6c7	done	-	built on or before 2026-10-02
898ae609-c83d-4903-a35f-775844eb0c6b	done	-	built on or before 2026-10-02
0c96bb69-a847-4473-bb20-f3f65d786623	done	-	built on or before 2026-10-02
3d82809f-d917-4408-b035-b10e5dfc83bf	done	-	built on or before 2026-10-02
d71c362f-bb2e-4dcc-a19b-d62a427d35c6	done	-	built on or before 2026-10-02
e850fbf3-f2fb-41b5-ab9d-d227751fac88	done	-	built on or before 2026-10-02
54334641-cc48-41cd-9bfc-e97752959889	done	-	built on or before 2026-10-02
51c1ffde-8b6d-47d2-bd5b-62961fe110d7	done	-	built on or before 2026-10-02
66b1eca7-6153-4508-9239-f622800eb699	done	-	built on or before 2026-10-02
bb853618-37d2-482b-9106-7fe858ef1d22	done	-	built on or before 2026-10-02
ef8bfde4-c7ff-4794-8ae5-76a6ff2df599	done	-	built on or before 2026-10-02
6b2bbee4-ad09-40b3-bd29-f6ff7f5f869f	done	-	built on or before 2026-10-02
aeca5406-3730-4aa1-a87d-2b498517dfff	done	-	built on or before 2026-10-02
cb30a71e-af22-40ee-8678-791295d04304	done	-	built on or before 2026-10-02
b466052b-c6a9-43ec-8417-4f6c30c304cb	done	-	built on or before 2026-10-02
12403971-ffce-46ea-a307-0e561919cb83	done	-	built on or before 2026-10-02
deaf172b-9cdd-4e17-a053-a664c02391d1	done	-	built on or before 2026-10-02
8cf23670-0c22-4f03-8bad-d7e72f28ca23	done	-	built on or before 2026-10-02
ff0a9be3-59ee-44b1-8d0c-22df87626e01	done	-	built on or before 2026-10-02
d38b3d77-a316-41c5-8f7d-4340d6825f64	done	-	built on or before 2026-10-02
06b269e0-9dd6-4534-a96d-9350cbde22ac	done	-	built on or before 2026-10-02
8e5963c8-8207-4946-94ea-7cf5e10fc4d5	done	-	built on or before 2026-10-02
92088664-7ffa-4b98-9abb-56dcf8fcdf11	done	-	built on or before 2026-10-02
58fb5051-3032-449c-a045-23d51c0c1f3d	done	-	built on or before 2026-10-02
5ebc1cbc-ac3b-4005-b9e9-64056fbb1af5	done	2dbc713	-
32f44a6e-c7d8-4062-874a-af3747e3c1e7	done	7d688c4	Chris resets via Settings > Reset progress
9d16550a-bcd1-4f00-9401-e11168022e54	done	2dbc713	-
0ec61721-4237-4074-be6f-4ea6624e7ccf	done	44f3731	viewer gestures; 183 vs 114 answered + fixed
e672dc30-3b60-4725-8eac-2ef15db23eb8	done	44f3731	review list: lesson + count only
1d303623-00a3-4887-abdc-49ba177e0c42	done	7d688c4	Settings > Reset progress button restored (resets account too)
1dd4b085-a23a-4b4d-b4e2-d204fa57b825	done	92450ae	218 book words re-added into their lessons
793e84cd-7fe7-466b-9829-1c135dd285ff	done	92450ae	no in-lesson duplicates; missing picture words added
89fb50a4-3581-46f7-8faf-b07d6eaf69f6	done	99c4ea4	direction chip = black label in sessions
a43ba822-4f6b-4cc6-91d0-c4e7c2d15b23	done	99c4ea4	plural die orange
e523363e-76a7-483b-b3df-8d6cd3858e37	done	b37a33c	Learn: example audio moved to bottom Audio button, both ways; Practice keeps its inline one (no bottom bar)
62d5d94a-dc6f-4629-a655-e4639749daf3	done	b37a33c	Audio smaller, still biggest; only ever 1 audio button so applied directly
1c37f978-3da8-4880-b5c2-0a1ecabec771	done	b37a33c	answer boxes wrap instead of cutting off
6a08ee81-2f45-4a16-afb1-331ffbcf15ca	done	76adf8b	plural card takes singular or plural English
13b32ff0-bf12-4c83-b1fa-fc3c6ba12277	done	b37a33c	✕ by counter removed; top bar back = ✕ in every session
efafd696-e3be-460a-bdb4-a5be8b9c634c	done	b37a33c	(Sg.) hidden until answered
beeb8b15-d6c6-4e12-9d37-1d89e0fe3de8	done	76adf8b	EU accepted
